State,City,Station,Last_Update,Latitude,Longitude,PM2.5_Min,PM2.5_Max,PM2.5_Avg,PM10_Min,PM10_Max,PM10_Avg,SO2_Min,SO2_Max,SO2_Avg,CO_Min,CO_Max,CO_Avg,OZONE_Min,OZONE_Max,OZONE_Avg,NO2_Min,NO2_Max,NO2_Avg,NH3_Min,NH3_Max,NH3_Avg,AQI_Value,AQI_Predominant
Andhra_Pradesh,Amaravati,"Secretariat, Amaravati - APPCB",20-11-2023 12:00:00,16.5150833,80.5181667,NA,NA,NA,NA,NA,NA,NA,NA,NA,NA,NA,NA,NA,NA,NA,,,,,,,,
Andhra_Pradesh,Anantapur,"Gulzarpet, Anantapur - APPCB",20-11-2023 12:00:00,14.675886,77.593027,15,34,24,16,39,24,4,17,7,20,40,29,16,52,25,17,39,23,2,3,3,29,CO
Andhra_Pradesh,Chittoor,"Gangineni Cheruvu, Chittoor - APPCB",20-11-2023 12:00:00,13.204880,79.097889,11,30,19,13,35,22,4,18,9,2,5,4,23,92,35,8,21,14,1,2,2,35,OZONE
Andhra_Pradesh,Kadapa,"Yerramukkapalli, Kadapa - APPCB",20-11-2023 12:00:00,14.465052,78.824187,19,57,37,18,48,32,1,2,2,12,30,21,6,48,21,21,54,30,1,3,1,37,PM2.5
Andhra_Pradesh,Rajamahendravaram,"Anand Kala Kshetram, Rajamahendravaram - APPCB",20-11-2023 12:00:00,16.9872867,81.7363176,31,72,44,43,101,58,9,15,12,6,48,24,20,43,28,12,26,18,2,4,3,58,PM10
Andhra_Pradesh,Tirupati,"Tirumala, Tirupati - APPCB",20-11-2023 12:00:00,13.67,79.35,22,62,49,23,54,41,3,16,11,14,24,17,25,50,29,35,53,46,2,4,3,49,PM2.5
Andhra_Pradesh,Tirupati,"Vaikuntapuram, Tirupati - APPCB",20-11-2023 12:00:00,13.615387,79.409230,22,41,31,22,41,31,4,5,5,44,52,48,4,26,13,15,26,19,2,3,3,48,CO
Andhra_Pradesh,Vijayawada,"HB Colony, Vijayawada - APPCB",20-11-2023 12:00:00,16.536107,80.594233,38,72,50,33,73,48,4,17,8,17,19,18,33,88,49,6,19,11,4,5,4,50,PM2.5
Andhra_Pradesh,Vijayawada,"Kanuru, Vijayawada - APPCB",20-11-2023 12:00:00,16.486692,80.699436,39,46,42,36,45,39,1,10,4,36,66,47,39,41,40,14,17,16,1,1,1,47,CO
Andhra_Pradesh,Vijayawada,"Rajiv Gandhi Park, Vijayawada - APPCB",20-11-2023 12:00:00,16.509717,80.612222,30,74,49,27,68,45,7,32,13,32,38,33,22,102,54,36,90,53,3,6,5,54,OZONE
Andhra_Pradesh,Visakhapatnam,"GVM Corporation, Visakhapatnam - APPCB",20-11-2023 12:00:00,17.72,83.3,38,76,57,60,95,74,4,21,12,14,57,27,3,62,14,12,44,26,2,5,3,74,PM10
Assam,Byrnihat,"Central Academy for SFS, Byrnihat - PCBA",20-11-2023 12:00:00,26.071318,91.87488,18,493,271,23,500,273,6,8,7,34,112,68,6,8,7,23,61,35,3,3,3,273,PM10
Assam,Guwahati,"IITG, Guwahati - PCBA",20-11-2023 12:00:00,26.2028636,91.70046436,12,169,77,15,104,66,10,11,10,6,22,16,2,18,5,1,6,2,5,5,5,77,PM2.5
Assam,Guwahati,"LGBI Airport, Guwahati - PCBA",20-11-2023 12:00:00,26.10887,91.589544,27,300,99,39,147,82,2,3,2,8,106,32,2,130,48,2,16,6,1,3,2,99,PM2.5
Assam,Guwahati,"Pan Bazaar, Guwahati - PCBA",20-11-2023 12:00:00,26.187500,91.744194,19,196,89,35,140,86,49,73,56,12,78,36,16,16,16,NA,NA,NA,1,2,2,89,PM2.5
Assam,Guwahati,"Railway Colony, Guwahati - PCBA",20-11-2023 12:00:00,26.181742,91.78063,17,300,114,25,169,90,27,47,34,10,90,37,12,36,23,3,5,3,,,,114,PM2.5
Assam,Nagaon,"Christianpatty, Nagaon - PCBA",20-11-2023 12:00:00,26.349082,92.68449,3,92,40,23,193,112,NA,NA,NA,1,28,25,3,65,6,8,38,18,2,4,3,112,PM10
Assam,Nalbari,"Bata Chowk, Nalbari - PCBA",20-11-2023 12:00:00,26.446912,91.439057,32,385,150,74,474,162,9,22,13,26,110,40,18,20,18,36,54,44,8,10,9,162,PM10
Assam,Silchar,"Tarapur, Silchar - PCBA",20-11-2023 12:00:00,24.82827,92.79525,20,26,23,29,63,40,3,7,5,28,44,33,,,,10,19,15,1,1,1,40,PM10
Assam,Sivasagar,"Girls College, Sivasagar - PCBA",20-11-2023 12:00:00,26.987634,94.636574,7,28,14,17,99,47,4,7,6,8,34,21,2,5,3,11,18,15,1,2,2,47,PM10
Bihar,Araria,"Kharahiya Basti, Araria - BSPCB",20-11-2023 12:00:00,26.146529,87.454184,10,332,177,45,261,141,14,20,17,24,82,58,1,39,8,6,27,8,6,7,6,177,PM2.5
Bihar,Arrah,"New DM Office, Arrah - BSPCB",20-11-2023 12:00:00,25.5626095,84.663264,42,500,259,54,457,171,16,22,18,18,29,25,1,61,13,1,8,3,5,9,7,259,PM2.5
Bihar,Aurangabad,"Gurdeo Nagar, Aurangabad - BSPCB",20-11-2023 12:00:00,24.75746,84.366208,NA,NA,NA,NA,NA,NA,8,18,12,16,101,64,1,76,18,6,16,9,1,1,1,,
Bihar,Begusarai,"DRCC Anandpur, Begusarai - BSPCB",20-11-2023 12:00:00,25.444266,86.140169,83,478,310,73,423,264,5,18,13,24,48,31,5,82,16,6,55,37,4,8,4,310,PM2.5
Bihar,Bettiah,"Kamalnath Nagar, Bettiah - BSPCB",20-11-2023 12:00:00,26.80365,84.51954,35,342,191,60,386,194,9,19,16,22,110,84,,,,NA,NA,NA,5,5,5,194,PM10
Bihar,Bhagalpur,"DM Office_Kachari Chowk, Bhagalpur - BSPCB",20-11-2023 12:00:00,25.251013,86.989001,28,308,137,41,151,96,20,29,24,14,42,38,24,40,29,40,76,50,4,8,5,137,PM2.5
Bihar,Bhagalpur,"Mayaganj, Bhagalpur - BSPCB",20-11-2023 12:00:00,25.265194,87.012947,50,332,197,63,264,155,15,27,21,12,16,15,10,18,13,11,30,18,5,8,7,197,PM2.5
Bihar,Bihar Sharif,"D M Colony, Bihar Sharif - BSPCB",20-11-2023 12:00:00,25.204762,85.514960,20,67,41,24,127,73,2,12,6,10,50,30,5,72,19,9,10,9,2,2,2,73,PM10
Bihar,Chhapra,"Darshan Nagar, Chhapra - BSPCB",20-11-2023 12:00:00,25.7808257,84.7446768,55,408,273,54,399,193,39,62,51,52,95,57,1,6,2,14,23,20,4,8,6,273,PM2.5
Bihar,Gaya,"Collectorate, Gaya - BSPCB",20-11-2023 12:00:00,24.7955,84.9994,30,306,177,,,,4,29,16,30,66,34,47,88,57,11,12,11,,,,177,PM2.5
Bihar,Gaya,"Kareemganj, Gaya - BSPCB",20-11-2023 12:00:00,24.792403,84.992416,70,382,240,70,332,175,2,15,9,6,40,31,10,75,32,30,31,31,2,17,5,240,PM2.5
Bihar,Gaya,"SFTI Kusdihra, Gaya - BSPCB",20-11-2023 12:00:00,24.762518,84.982348,19,94,55,39,64,52,7,9,8,12,64,50,4,80,14,12,31,17,3,5,5,55,PM2.5
Bihar,Hajipur,"Industrial Area, Hajipur - BSPCB",20-11-2023 12:00:00,25.697189,85.245900,19,244,94,30,425,158,7,9,8,20,82,52,25,38,33,7,20,12,3,5,4,158,PM10
Bihar,Katihar,"Mirchaibari, Katihar - BSPCB",20-11-2023 12:00:00,25.560083,87.553265,13,445,222,42,407,163,18,23,21,29,34,33,20,25,23,28,41,34,6,8,7,222,PM2.5
Bihar,Kishanganj,"SDM Office_Khagra, Kishanganj - BSPCB",20-11-2023 12:00:00,26.0881305,87.93840336,12,413,138,27,482,149,13,21,17,6,40,12,7,15,9,45,107,68,8,10,9,149,PM10
Bihar,Manguraha,"Forest Rest House, Manguraha - BSPCB",20-11-2023 12:00:00,27.308328,84.531742,40,217,65,45,144,75,1,3,1,32,70,48,10,27,20,23,37,29,NA,NA,NA,75,PM10
Bihar,Motihari,"Gandak Colony, Motihari - BSPCB",20-11-2023 12:00:00,26.63086,84.90051,62,372,201,63,319,145,NA,NA,NA,35,80,68,20,89,33,80,127,102,13,21,17,201,PM2.5
Bihar,Munger,"Town Hall, Munger - BSPCB",20-11-2023 12:00:00,25.376776,86.471523,23,87,49,36,121,72,,,,26,60,46,1,11,3,18,20,19,3,3,3,72,PM10
Bihar,Muzaffarpur,"Buddha Colony, Muzaffarpur - BSPCB",20-11-2023 12:00:00,26.11442,85.39813,95,375,240,108,408,217,7,40,10,48,112,70,7,89,39,3,12,6,7,9,8,240,PM2.5
Bihar,Muzaffarpur,"MIT-Daudpur Kothi, Muzaffarpur - BSPCB",20-11-2023 12:00:00,26.1403345,85.3650192,57,468,272,101,400,206,18,19,18,28,50,44,4,79,19,5,44,9,2,3,2,272,PM2.5
Bihar,Muzaffarpur,"Muzaffarpur Collectorate, Muzaffarpur - BSPCB",20-11-2023 12:00:00,26.1209,85.3647,33,305,113,,,,3,7,6,20,62,42,31,43,36,46,60,52,,,,113,PM2.5
Bihar,Patna,"DRM Office Danapur, Patna - BSPCB",20-11-2023 12:00:00,25.586562,85.043586,59,366,222,70,291,175,5,7,6,22,117,73,2,85,19,5,68,31,2,3,2,222,PM2.5
Bihar,Patna,"Govt. High School Shikarpur, Patna - BSPCB",20-11-2023 12:00:00,25.592539,85.227158,NA,NA,NA,NA,NA,NA,NA,NA,NA,NA,NA,NA,NA,NA,NA,NA,NA,NA,NA,NA,NA,,
Bihar,Patna,"IGSC Planetarium Complex, Patna - BSPCB",20-11-2023 12:00:00,25.5941,85.1376,28,315,140,,,,1,4,3,2,9,7,12,17,15,18,21,19,,,,140,PM2.5
Bihar,Patna,"Muradpur, Patna - BSPCB",20-11-2023 12:00:00,25.619651,85.147382,143,375,271,109,462,306,6,30,13,5,128,54,2,52,15,7,93,34,1,18,5,306,PM10
Bihar,Patna,"Rajbansi Nagar, Patna - BSPCB",20-11-2023 12:00:00,25.599486,85.113666,58,96,76,87,296,158,23,28,26,42,93,74,1,82,21,22,76,45,6,10,7,158,PM10
Bihar,Patna,"Samanpura, Patna - BSPCB",20-11-2023 12:00:00,25.596727,85.085624,45,400,263,85,312,186,7,14,10,14,102,70,17,63,34,9,35,18,7,11,9,263,PM2.5
Bihar,Purnia,"Mariam Nagar, Purnia - BSPCB",20-11-2023 12:00:00,25.366336,87.117468,NA,NA,NA,NA,NA,NA,NA,NA,NA,NA,NA,NA,NA,NA,NA,NA,NA,NA,NA,NA,NA,,
Bihar,Rajgir,"Dangi Tola, Rajgir - BSPCB",20-11-2023 12:00:00,25.03280,85.41948,15,325,179,46,209,120,4,4,4,10,11,10,21,24,23,8,8,8,1,2,1,179,PM2.5
Bihar,Saharsa,"Police Line, Saharsa - BSPCB",20-11-2023 12:00:00,25.892357,86.590325,15,385,219,58,336,153,2,2,2,12,16,15,3,79,20,7,8,7,9,9,9,219,PM2.5
Bihar,Samastipur,"DM Office_Kasipur, Samastipur - BSPCB",20-11-2023 12:00:00,25.859655,85.77944,43,312,169,41,165,92,14,17,16,30,38,35,6,9,8,2,6,4,2,4,3,169,PM2.5
Bihar,Sasaram,"Dada Peer, Sasaram - BSPCB",20-11-2023 12:00:00,24.952822,84.002396,21,164,59,22,129,62,NA,NA,NA,14,46,29,4,5,4,7,22,13,3,8,5,62,PM10
Bihar,Siwan,"Chitragupta Nagar, Siwan - BSPCB",20-11-2023 12:00:00,26.2271665,84.3570427,NA,NA,NA,NA,NA,NA,2,67,22,83,149,130,15,109,35,32,101,75,2,9,7,,
Chandigarh,Chandigarh,"Sector 22, Chandigarh - CPCC",20-11-2023 12:00:00,30.735567,76.775714,47,302,107,80,285,134,4,72,13,23,108,31,3,148,30,16,136,58,4,7,5,134,PM10
Chandigarh,Chandigarh,"Sector-25, Chandigarh - CPCC",20-11-2023 12:00:00,30.751462,76.762879,85,168,112,101,152,120,5,28,10,20,104,39,4,44,5,6,38,16,7,34,16,120,PM10
Chandigarh,Chandigarh,"Sector-53, Chandigarh - CPCC",20-11-2023 12:00:00,30.719859,76.738637,48,307,132,73,192,124,2,79,13,42,130,68,2,45,7,21,99,57,3,5,4,132,PM2.5
Chhattisgarh,Bhilai,"32Bungalows, Bhilai - CECB",20-11-2023 12:00:00,21.194815,81.314770,63,100,82,69,121,99,10,12,11,29,46,36,4,7,4,15,24,19,6,6,6,99,PM10
Chhattisgarh,Bhilai,"Civic Center, Bhilai - Bhilai Steel Plant",20-11-2023 12:00:00,21.185571,81.343175,28,60,41,30,76,49,8,17,11,27,62,40,9,47,16,4,7,6,1,2,1,49,PM10
Chhattisgarh,Bhilai,"Hathkhoj, Bhilai - CECB",20-11-2023 12:00:00,21.224231,81.408350,49,148,86,62,130,104,15,80,43,12,36,24,25,84,37,21,57,38,8,9,8,104,PM10
Chhattisgarh,Bilaspur,"Mangala, Bilaspur - NTPC",20-11-2023 12:00:00,22.08815,82.13737,18,48,29,25,69,40,,,,,,,,,,6,6,6,,,,40,PM10
Chhattisgarh,Chhal,"Nawapara SECL Colony, Chhal - CECB",20-11-2023 12:00:00,22.118125,83.140608,18,47,34,25,88,49,6,39,13,40,95,62,5,57,14,6,57,16,2,2,2,62,CO
Chhattisgarh,Korba,"Rampur, Korba - CECB",20-11-2023 12:00:00,22.368195,82.746431,18,53,26,14,133,61,6,9,8,14,26,23,NA,NA,NA,23,31,27,1,3,2,61,PM10
Chhattisgarh,Korba,"Urja Nagar, Korba - CECB",20-11-2023 12:00:00,22.348441,82.549611,9,36,23,22,87,42,8,13,10,20,34,23,47,50,47,57,65,61,3,5,5,61,NO2
Chhattisgarh,Milupara,"Govt. Higher Secondary School, Milupara - CECB",20-11-2023 12:00:00,22.1910172,83.5197009,7,32,18,11,111,31,7,11,9,16,30,20,9,61,25,7,27,13,1,2,2,31,PM10
Chhattisgarh,Raipur,"AIIMS, Raipur - CECB",20-11-2023 12:00:00,21.258815,81.578979,NA,NA,NA,NA,NA,NA,NA,NA,NA,NA,NA,NA,NA,NA,NA,NA,NA,NA,,,,,
Chhattisgarh,Raipur,"Bhatagaon New ISBT, Raipur - CECB",20-11-2023 12:00:00,21.219665,81.630094,34,59,43,31,75,49,3,4,3,28,76,37,3,23,4,38,69,46,1,1,1,49,PM10
Chhattisgarh,Raipur,"Siltara Phase-II, Raipur - CECB",20-11-2023 12:00:00,21.371751,81.664929,27,53,40,60,193,104,2,6,3,31,59,49,3,10,3,11,31,24,10,13,12,104,PM10
Chhattisgarh,Tumidih,"OP Jindal Industrial Park, Tumidih - CECB",20-11-2023 12:00:00,22.06631475,83.33820077,NA,NA,NA,NA,NA,NA,NA,NA,NA,24,26,26,36,42,36,NA,NA,NA,NA,NA,NA,,
Delhi,Delhi,"Alipur, Delhi - DPCC",20-11-2023 12:00:00,28.815329,77.153010,303,443,365,127,348,210,2,23,9,35,112,70,5,199,17,22,110,48,8,13,10,365,PM2.5
Delhi,Delhi,"Anand Vihar, Delhi - DPCC",20-11-2023 12:00:00,28.647622,77.3158090,187,500,359,133,500,323,1,18,7,,,,7,241,48,22,80,51,5,13,10,359,PM2.5
Delhi,Delhi,"Ashok Vihar, Delhi - DPCC",20-11-2023 12:00:00,28.695381,77.181665,136,367,309,157,447,343,4,11,6,,,,2,7,3,22,52,35,4,7,5,343,PM10
Delhi,Delhi,"Aya Nagar, Delhi - IMD",20-11-2023 12:00:00,28.4706914,77.1099364,156,356,261,143,412,206,,,,53,95,86,20,29,22,6,7,7,,,,261,PM2.5
Delhi,Delhi,"Bawana, Delhi - DPCC",20-11-2023 12:00:00,28.776200,77.051074,309,500,416,177,500,367,3,9,4,45,125,100,4,131,36,9,83,26,10,14,11,416,PM2.5
Delhi,Delhi,"Burari Crossing, Delhi - IMD",20-11-2023 12:00:00,28.7256504,77.2011573,148,397,320,115,400,247,,,,109,119,117,8,139,12,4,7,6,,,,320,PM2.5
Delhi,Delhi,"CRRI Mathura Road, Delhi - IMD",20-11-2023 12:00:00,28.5512005,77.2735737,74,343,259,108,397,229,,,,12,108,106,15,71,38,23,33,27,,,,259,PM2.5
Delhi,Delhi,"DTU, Delhi - CPCB",20-11-2023 12:00:00,28.7500499,77.1112615,74,336,220,141,455,283,31,33,32,46,116,102,6,23,7,136,401,245,12,49,25,283,PM10
Delhi,Delhi,"Dr. Karni Singh Shooting Range, Delhi - DPCC",20-11-2023 12:00:00,28.498571,77.264840,257,423,340,141,402,226,3,22,6,40,117,103,3,98,24,13,74,38,6,12,9,340,PM2.5
Delhi,Delhi,"Dwarka-Sector 8, Delhi - DPCC ",20-11-2023 12:00:00,28.5710274,77.0719006,277,500,384,163,500,343,2,8,4,32,130,110,2,59,4,26,117,63,20,30,24,384,PM2.5
Delhi,Delhi,"IGI Airport (T3), Delhi - IMD",20-11-2023 12:00:00,28.5627763,77.1180053,208,436,328,129,366,242,,,,46,132,119,1,76,5,6,49,26,,,,328,PM2.5
Delhi,Delhi,"IHBAS, Dilshad Garden, Delhi - CPCB",20-11-2023 12:00:00,28.6811736,77.3025234,113,370,248,122,412,189,13,42,18,52,118,86,10,144,24,14,28,21,8,14,12,248,PM2.5
Delhi,Delhi,"ITO, Delhi - CPCB",20-11-2023 12:00:00,28.628624,77.241060,228,415,321,129,371,204,4,26,15,14,148,110,37,105,38,52,419,242,4,25,14,321,PM2.5
Delhi,Delhi,"Jahangirpuri, Delhi - DPCC",20-11-2023 12:00:00,28.732820,77.170633,277,469,402,165,477,377,11,48,21,40,124,83,10,102,18,11,28,20,10,25,20,402,PM2.5
Delhi,Delhi,"Jawaharlal Nehru Stadium, Delhi - DPCC",20-11-2023 12:00:00,28.580280,77.233829,223,407,325,139,328,208,1,33,12,18,141,106,13,101,31,12,123,33,11,18,13,325,PM2.5
Delhi,Delhi,"Lodhi Road, Delhi - IMD",20-11-2023 12:00:00,28.5918245,77.2273074,186,386,283,134,318,172,,,,97,124,122,8,98,28,6,8,7,,,,283,PM2.5
Delhi,Delhi,"Major Dhyan Chand National Stadium, Delhi - DPCC",20-11-2023 12:00:00,28.611281,77.237738,257,429,332,143,416,238,1,9,6,20,104,83,8,74,17,11,101,44,23,30,26,332,PM2.5
Delhi,Delhi,"Mandir Marg, Delhi - DPCC",20-11-2023 12:00:00,28.636429,77.201067,110,473,336,113,417,210,1,8,5,5,105,75,2,29,16,52,81,66,17,20,18,336,PM2.5
Delhi,Delhi,"Mundka, Delhi - DPCC",20-11-2023 12:00:00,28.684678,77.076574,302,500,384,157,500,324,11,22,16,28,149,83,6,70,13,29,143,78,6,12,9,384,PM2.5
Delhi,Delhi,"NSIT Dwarka, Delhi - CPCB",20-11-2023 12:00:00,28.60909,77.0325413,253,416,345,155,364,252,14,23,18,38,120,89,14,82,23,20,81,52,11,23,17,345,PM2.5
Delhi,Delhi,"Najafgarh, Delhi - DPCC",20-11-2023 12:00:00,28.570173,76.933762,240,385,326,129,279,182,2,6,4,25,82,68,1,82,1,8,38,22,20,25,22,326,PM2.5
Delhi,Delhi,"Narela, Delhi - DPCC",20-11-2023 12:00:00,28.822836,77.101981,297,432,374,168,421,322,1,11,4,5,119,61,6,72,12,17,93,52,7,14,10,374,PM2.5
Delhi,Delhi,"Nehru Nagar, Delhi - DPCC",20-11-2023 12:00:00,28.567890,77.250515,301,500,388,152,445,281,7,19,13,2,132,63,2,252,9,28,224,94,12,25,16,388,PM2.5
Delhi,Delhi,"New Moti Bagh, Delhi - MHUA",20-11-2023 12:00:00,28.57834,77.18400,302,456,346,,,,,,,36,141,127,,,,1,16,6,,,,346,PM2.5
Delhi,Delhi,"North Campus, DU, Delhi - IMD",20-11-2023 12:00:00,28.6573814,77.1585447,239,424,341,121,409,246,,,,68,120,112,14,67,20,25,61,39,,,,341,PM2.5
Delhi,Delhi,"Okhla Phase-2, Delhi - DPCC",20-11-2023 12:00:00,28.530785,77.271255,233,444,370,146,431,319,8,26,14,14,179,96,4,74,17,33,184,94,7,18,13,370,PM2.5
Delhi,Delhi,"Patparganj, Delhi - DPCC",20-11-2023 12:00:00,28.623763,77.287209,237,500,377,144,500,322,7,22,16,40,148,105,13,115,58,15,144,79,7,10,9,377,PM2.5
Delhi,Delhi,"Punjabi Bagh, Delhi - DPCC",20-11-2023 12:00:00,28.674045,77.131023,293,500,410,145,481,336,NA,NA,NA,2,132,33,15,41,29,60,187,116,5,9,7,410,PM2.5
Delhi,Delhi,"Pusa, Delhi - DPCC",20-11-2023 12:00:00,28.639652,77.146275,260,438,334,157,432,231,5,15,8,16,110,97,3,17,4,33,122,48,4,12,6,334,PM2.5
Delhi,Delhi,"Pusa, Delhi - IMD",20-11-2023 12:00:00,28.636110,77.173332,185,436,314,120,342,193,,,,72,126,121,26,43,35,23,106,71,,,,314,PM2.5
Delhi,Delhi,"R K Puram, Delhi - DPCC",20-11-2023 12:00:00,28.563262,77.186937,273,465,354,157,423,246,2,48,26,30,101,101,8,159,54,24,179,65,6,9,7,354,PM2.5
Delhi,Delhi,"Rohini, Delhi - DPCC",20-11-2023 12:00:00,28.732528,77.119920,293,492,392,156,459,345,2,12,5,42,151,106,5,83,40,14,79,50,20,28,24,392,PM2.5
Delhi,Delhi,"Shadipur, Delhi - CPCB",20-11-2023 12:00:00,28.6514781,77.1473105,176,500,355,132,500,335,6,76,26,32,103,57,11,66,20,51,104,74,2,75,40,355,PM2.5
Delhi,Delhi,"Sirifort, Delhi - CPCB",20-11-2023 12:00:00,28.5504249,77.2159377,273,448,368,154,436,318,34,49,42,22,122,114,8,76,24,33,38,35,6,7,7,368,PM2.5
Delhi,Delhi,"Sonia Vihar, Delhi - DPCC",20-11-2023 12:00:00,28.710508,77.249485,253,427,362,145,418,275,1,11,4,2,106,28,4,96,12,19,69,36,7,7,7,362,PM2.5
Delhi,Delhi,"Sri Aurobindo Marg, Delhi - DPCC",20-11-2023 12:00:00,28.531346,77.190156,237,378,318,129,263,171,6,50,14,30,105,77,3,39,14,3,81,24,5,12,8,318,PM2.5
Delhi,Delhi,"Vivek Vihar, Delhi - DPCC",20-11-2023 12:00:00,28.672342,77.315260,65,361,165,135,418,282,3,10,6,10,153,76,5,21,7,13,74,42,9,14,11,282,PM10
Delhi,Delhi,"Wazirpur, Delhi - DPCC",20-11-2023 12:00:00,28.699793,77.165453,297,500,398,185,500,353,8,33,15,5,170,116,4,68,12,7,34,20,,,,398,PM2.5
Gujarat,Ahmedabad,"Chandkheda, Ahmedabad - IITM",20-11-2023 12:00:00,23.107969,72.574648,73,203,114,88,134,112,2,5,3,12,60,32,24,32,28,11,12,12,2,2,2,114,PM2.5
Gujarat,Ahmedabad,"Gyaspur, Ahmedabad - IITM",20-11-2023 12:00:00,22.977134,72.553024,108,287,176,120,176,141,11,11,11,7,15,10,31,71,32,10,11,10,3,3,3,176,PM2.5
Gujarat,Ahmedabad,"Maninagar, Ahmedabad - GPCB",20-11-2023 12:00:00,23.002657,72.591912,100,287,187,99,168,133,8,97,21,28,94,64,11,90,52,11,118,45,,,,187,PM2.5
Gujarat,Ahmedabad,"Raikhad, Ahmedabad - IITM",20-11-2023 12:00:00,23.020509,72.579261,48,97,66,74,122,93,1,3,1,12,104,29,1,24,11,7,22,9,2,3,2,93,PM10
Gujarat,Ahmedabad,"Rakhial, Ahmedabad - IITM",20-11-2023 12:00:00,23.016834,72.625775,82,273,152,112,187,141,5,7,6,19,100,27,3,61,33,2,4,3,3,8,5,152,PM2.5
Gujarat,Ahmedabad,"SAC ISRO Bopal, Ahmedabad - IITM",20-11-2023 12:00:00,23.041137,72.456691,71,73,72,94,98,96,15,17,16,22,26,23,30,32,30,22,24,23,83,87,85,96,PM10
Gujarat,Ahmedabad,"SAC ISRO Satellite, Ahmedabad - IITM",20-11-2023 12:00:00,23.023389,72.515201,71,73,72,77,78,78,1,4,2,29,32,30,1,48,21,15,19,17,5,7,6,78,PM10
Gujarat,Ahmedabad,"SVPI Airport Hansol, Ahmedabad - IITM",20-11-2023 12:00:00,23.076793,72.627874,45,124,73,81,142,100,18,22,19,64,102,74,18,38,24,13,18,15,23,25,24,100,PM10
Gujarat,Ahmedabad,"Sardar Vallabhbhai Patel Stadium, Ahmedabad - IITM",20-11-2023 12:00:00,23.043070,72.562968,93,215,142,116,159,138,3,3,3,36,86,43,5,20,13,3,6,5,1,2,1,142,PM2.5
Gujarat,Ankleshwar,"GIDC, Ankleshwar - GPCB",20-11-2023 12:00:00,21.613267,73.010555,64,258,140,54,146,100,17,118,47,43,126,92,4,22,14,31,32,31,5,6,6,140,PM2.5
Gujarat,Gandhinagar,"GIFT City, Gandhinagar - IITM",20-11-2023 12:00:00,23.163798,72.677768,93,159,129,107,137,121,1,3,2,6,16,12,14,39,18,7,13,8,1,2,1,129,PM2.5
Gujarat,Gandhinagar,"IIPHG Lekawada, Gandhinagar - IITM",20-11-2023 12:00:00,23.243639,72.68994,133,333,227,108,178,131,5,6,6,29,50,41,30,36,34,10,14,11,5,5,5,227,PM2.5
Gujarat,Gandhinagar,"Sector-10, Gandhinagar - GPCB",20-11-2023 12:00:00,23.221714,72.654328,71,133,95,64,112,86,10,12,11,34,127,46,1,46,15,4,26,10,1,2,1,95,PM2.5
Gujarat,Nandesari,"GIDC, Nandesari - Nandesari Ind. Association",20-11-2023 12:00:00,22.410802,73.097923,23,23,23,16,22,19,,,,50,50,50,,,,2,52,10,,,,50,CO
Gujarat,Surat,"Science Center, Surat - SMC",20-11-2023 12:00:00,21.170046,72.795405,28,429,199,29,500,194,9,13,11,26,64,51,,,,5,18,10,,,,199,PM2.5
Gujarat,Vapi,"Phase-1 GIDC, Vapi - GPCB",20-11-2023 12:00:00,20.362421,72.918013,52,303,142,106,331,184,45,46,46,130,185,170,1,6,2,,,,6,6,6,184,PM10
Gujarat,Vatva,"Phase-4 GIDC, Vatva - GPCB",20-11-2023 12:00:00,22.969611,72.643500,87,152,107,86,120,101,5,7,6,62,66,64,7,57,34,23,124,49,2,2,2,107,PM2.5
Haryana,Ambala,"Patti Mehar, Ambala - HSPCB",20-11-2023 12:00:00,30.379589,76.778328,84,283,163,73,152,110,20,28,25,48,113,89,18,36,27,77,225,158,13,67,34,163,PM2.5
Haryana,Bahadurgarh,"Arya Nagar, Bahadurgarh - HSPCB",20-11-2023 12:00:00,28.6701,76.9254,204,446,359,106,426,288,1,15,11,88,103,99,55,69,63,31,39,36,10,12,11,359,PM2.5
Haryana,Ballabgarh,"Nathu Colony, Ballabgarh - HSPCB",20-11-2023 12:00:00,28.3419248,77.319699,149,381,303,109,365,229,2,14,6,2,108,30,1,62,11,11,13,12,1,2,2,303,PM2.5
Haryana,Bhiwani,"H.B. Colony, Bhiwani - HSPCB",20-11-2023 12:00:00,28.806223,76.141105,74,397,267,109,231,170,7,14,10,19,69,58,17,28,20,3,20,14,1,6,4,267,PM2.5
Haryana,Charkhi Dadri,"Mini Secretariat, Charkhi Dadri - HSPCB",20-11-2023 12:00:00,28.593883,76.270653,110,343,244,103,243,157,10,34,16,28,103,72,14,17,15,10,18,12,5,7,6,244,PM2.5
Haryana,Dharuhera,"Municipal Corporation Office, Dharuhera -  HSPCB",20-11-2023 12:00:00,28.206800,76.799700,114,378,303,100,387,230,13,18,15,25,113,45,3,147,38,45,113,74,9,26,20,303,PM2.5
Haryana,Faridabad,"New Industrial Town, Faridabad - HSPCB",20-11-2023 12:00:00,28.39072,77.30059,357,377,366,169,500,338,NA,NA,NA,4,103,45,6,58,11,NA,NA,NA,NA,NA,NA,366,PM2.5
Haryana,Faridabad,"Sector 11, Faridabad - HSPCB",20-11-2023 12:00:00,28.376058,77.315741,114,456,298,124,436,264,18,20,19,39,108,89,3,5,3,30,32,31,6,6,6,298,PM2.5
Haryana,Faridabad,"Sector 30, Faridabad - HSPCB",20-11-2023 12:00:00,28.4417,77.3217,136,500,321,112,500,207,4,8,5,28,119,102,1,37,2,30,33,31,9,9,9,321,PM2.5
Haryana,Faridabad,"Sector- 16A, Faridabad - HSPCB",20-11-2023 12:00:00,28.4088421,77.3099081,240,434,338,,,,12,60,46,10,85,28,14,14,14,8,43,25,,,,338,PM2.5
Haryana,Fatehabad,"Huda Sector, Fatehabad - HSPCB",20-11-2023 12:00:00,29.503664,75.467934,184,423,344,119,344,219,4,53,22,5,29,8,13,77,22,29,32,30,9,11,10,344,PM2.5
Haryana,Gurugram,"NISE Gwal Pahari, Gurugram - IMD",20-11-2023 12:00:00,28.422681,77.148944,43,324,183,41,194,111,,,,63,112,83,3,61,6,7,80,17,,,,183,PM2.5
Haryana,Gurugram,"Sector-51, Gurugram - HSPCB",20-11-2023 12:00:00,28.4227,77.0667,283,438,345,123,456,242,2,4,3,45,131,106,9,41,11,13,18,15,10,14,10,345,PM2.5
Haryana,Gurugram,"Teri Gram, Gurugram - HSPCB",20-11-2023 12:00:00,28.4275,77.1465,172,314,235,123,229,152,2,5,4,27,51,35,16,76,20,8,24,12,15,21,16,235,PM2.5
Haryana,Gurugram,"Vikas Sadan, Gurugram - HSPCB",20-11-2023 12:00:00,28.4501238,77.0263051,54,325,226,,,,11,77,42,54,129,104,8,69,17,5,24,13,,,,226,PM2.5
Haryana,Hisar,"Urban Estate-II, Hisar - HSPCB",20-11-2023 12:00:00,29.140560,75.744941,84,348,274,107,358,179,43,114,91,40,133,94,2,164,16,6,9,8,2,3,3,274,PM2.5
Haryana,Jind,"Police Lines, Jind - HSPCB",20-11-2023 12:00:00,29.307814,76.337619,114,373,279,104,232,163,1,19,6,16,73,29,2,29,7,9,15,12,2,6,4,279,PM2.5
Haryana,Kaithal,"Rishi Nagar, Kaithal - HSPCB",20-11-2023 12:00:00,29.8006,76.4155,119,320,221,138,242,173,4,47,21,10,92,54,16,79,31,24,26,25,8,8,8,221,PM2.5
Haryana,Karnal,"Sector-12, Karnal - HSPCB",20-11-2023 12:00:00,29.695300,77.002700,75,279,158,83,190,135,1,45,15,5,5,5,11,12,11,7,12,10,10,13,11,158,PM2.5
Haryana,Kurukshetra,"Sector-7, Kurukshetra - HSPCB",20-11-2023 12:00:00,29.966942,76.875879,123,314,230,101,176,132,1,43,13,19,120,35,3,90,11,17,21,19,6,6,6,230,PM2.5
Haryana,Mandikhera,"General Hospital, Mandikhera - HSPCB",20-11-2023 12:00:00,27.9002,76.9938,31,63,46,130,170,134,31,40,35,8,70,58,24,35,30,17,21,19,18,20,19,134,PM10
Haryana,Manesar,"Sector-2 IMT, Manesar - HSPCB",20-11-2023 12:00:00,28.360699,76.936090,91,336,234,109,299,184,5,92,25,16,116,50,4,104,22,2,2,2,6,18,13,234,PM2.5
Haryana,Narnaul,"Shastri Nagar, Narnaul - HSPCB",20-11-2023 12:00:00,28.060249,76.113115,71,329,234,57,228,160,11,12,12,8,16,15,1,88,6,116,182,149,38,65,52,234,PM2.5
Haryana,Palwal,"Shyam Nagar, Palwal - HSPCB",20-11-2023 12:00:00,28.1485564,77.3320667,31,72,58,75,193,131,2,17,9,30,60,54,4,45,10,5,6,5,2,3,3,131,PM10
Haryana,Panchkula,"Sector-6, Panchkula - HSPCB ",20-11-2023 12:00:00,30.7057778,76.8531805555555,26,96,50,,,,9,10,9,26,28,27,43,54,47,24,26,25,,,,50,PM2.5
Haryana,Panipat,"Sector-18, Panipat - HSPCB",20-11-2023 12:00:00,29.497973,76.993331,155,182,165,148,161,153,12,13,12,23,28,25,30,35,32,28,31,30,2,3,2,165,PM2.5
Haryana,Rohtak,"MD University, Rohtak - HSPCB",20-11-2023 12:00:00,28.52123,76.37138,130,362,287,,,,1,18,9,10,111,22,35,43,40,31,40,35,,,,287,PM2.5
Haryana,Sirsa,"F-Block, Sirsa - HSPCB",20-11-2023 12:00:00,29.536400,75.015800,260,432,334,134,389,201,12,26,18,48,110,101,23,47,39,10,28,13,12,41,18,334,PM2.5
Haryana,Sonipat,"Murthal, Sonipat - HSPCB",20-11-2023 12:00:00,29.027200,77.062100,175,411,367,105,298,231,12,29,20,20,59,54,16,36,22,37,44,40,5,10,9,367,PM2.5
Haryana,Yamuna Nagar,"Gobind Pura, Yamuna Nagar - HSPCB",20-11-2023 12:00:00,30.1480566,77.2893471,67,240,143,84,175,133,2,10,6,38,117,56,6,33,8,11,103,39,7,17,10,143,PM2.5
Himachal Pradesh,Baddi,"HIMUDA Complex Phase-1, Baddi - HPPCB",20-11-2023 12:00:00,30.943887,76.801991,65,302,110,76,198,106,12,45,20,16,57,25,52,152,80,12,62,20,3,5,4,110,PM2.5
Jammu_&_Kashmir,Srinagar,"Rajbagh, Srinagar - JKSPCB",20-11-2023 12:00:00,34.066206,74.819820,NA,NA,NA,NA,NA,NA,NA,NA,NA,18,32,20,6,13,6,NA,NA,NA,NA,NA,NA,,
Jharkhand,Dhanbad,"Sardar Patel Nagar, Dhanbad - JSPCB",20-11-2023 12:00:00,23.80569,86.44268,NA,NA,NA,NA,NA,NA,NA,NA,NA,,,,9,16,10,NA,NA,NA,,,,,
Karnataka,Bagalkot,"Vidayagiri, Bagalkot - KSPCB",20-11-2023 12:00:00,16.172806,75.659694,27,41,40,38,46,39,8,10,8,20,42,30,1,21,8,15,17,17,2,2,2,40,PM2.5
Karnataka,Belgaum,"Ramteerth Nagar, Belgaum - KSPCB",20-11-2023 12:00:00,15.888653,74.541751,18,50,29,34,97,66,12,18,14,46,48,46,19,20,20,1,33,10,1,2,1,66,PM10
Karnataka,Bengaluru,"BTM Layout, Bengaluru - CPCB",20-11-2023 12:00:00,12.9135218,77.5950804,22,54,31,34,63,44,9,12,12,38,54,49,26,42,27,28,28,28,3,3,3,49,CO
Karnataka,Bengaluru,"Bapuji Nagar, Bengaluru - KSPCB",20-11-2023 12:00:00,12.951913,77.539784,55,120,80,48,118,73,6,7,6,14,88,50,10,12,11,9,13,11,1,1,1,80,PM2.5
Karnataka,Bengaluru,"City Railway Station, Bengaluru - KSPCB",20-11-2023 12:00:00,12.9756843,77.5660749,,,,79,103,90,13,14,13,54,92,67,,,,25,27,26,,,,90,PM10
Karnataka,Bengaluru,"Hebbal, Bengaluru - KSPCB",20-11-2023 12:00:00,13.029152,77.585901,21,62,44,32,68,49,26,33,30,,,,7,8,8,,,,,,,49,PM10
Karnataka,Bengaluru,"Hombegowda Nagar, Bengaluru - KSPCB",20-11-2023 12:00:00,12.938539,77.590100,32,56,41,31,56,42,4,5,5,10,25,14,20,47,38,,,,,,,42,PM10
Karnataka,Bengaluru,"Jayanagar 5th Block, Bengaluru - KSPCB",20-11-2023 12:00:00,12.920984,77.584908,42,84,59,44,118,70,19,25,21,1,79,32,26,36,34,12,18,14,3,4,4,70,PM10
Karnataka,Bengaluru,"Jigani, Bengaluru - KSPCB",20-11-2023 12:00:00,12.7816279,77.6299145,22,86,49,47,94,71,16,16,16,34,73,47,23,66,45,35,36,35,3,3,3,71,PM10
Karnataka,Bengaluru,"Kasturi Nagar, Bengaluru - KSPCB",20-11-2023 12:00:00,13.003872,77.664217,16,48,34,18,54,37,8,8,8,23,26,25,1,41,15,16,17,17,4,4,4,37,PM10
Karnataka,Bengaluru,"Peenya, Bengaluru - CPCB",20-11-2023 12:00:00,13.0270199,77.494094,18,52,34,23,57,36,5,16,9,22,44,37,34,34,34,18,25,22,5,5,5,37,CO
Karnataka,Bengaluru,"RVCE-Mailasandra, Bengaluru - KSPCB",20-11-2023 12:00:00,12.921418,77.502466,NA,NA,NA,NA,NA,NA,7,10,8,44,59,52,40,40,40,31,31,31,4,4,4,,
Karnataka,Bengaluru,"Sanegurava Halli, Bengaluru - KSPCB",20-11-2023 12:00:00,12.990328,77.5431385,,,,40,47,43,2,3,2,16,54,31,,,,21,37,26,,,,43,PM10
Karnataka,Bengaluru,"Shivapura_Peenya, Bengaluru - KSPCB",20-11-2023 12:00:00,13.0246342,77.5080115,20,54,38,31,51,43,5,21,8,16,38,26,13,45,26,15,16,15,4,4,4,43,PM10
Karnataka,Bengaluru,"Silk Board, Bengaluru - KSPCB",20-11-2023 12:00:00,12.917348,77.622813,53,227,92,45,126,72,4,10,7,2,30,13,16,45,23,23,33,26,2,3,2,92,PM2.5
Karnataka,Bidar,"Naubad, Bidar - KSPCB",20-11-2023 12:00:00,17.930306,77.482194,60,222,106,70,121,92,14,20,16,25,56,31,20,41,29,7,9,8,2,3,3,106,PM2.5
Karnataka,Chamarajanagar,"Urban, Chamarajanagar - KSPCB",20-11-2023 12:00:00,11.55358,76.55521,20,45,30,37,55,44,2,8,4,18,62,20,14,35,21,25,32,29,1,2,2,44,PM10
Karnataka,Chikkaballapur,"Chikkaballapur Rural, Chikkaballapur - KSPCB",20-11-2023 12:00:00,13.428828,77.731418,29,67,49,22,63,42,11,16,13,22,30,25,27,44,35,3,12,6,1,1,1,49,PM2.5
Karnataka,Chikkamagaluru,"Kalyana Nagara, Chikkamagaluru - KSPCB",20-11-2023 12:00:00,13.328028,75.797056,9,71,37,23,72,46,1,6,4,11,92,27,15,53,23,17,24,20,3,4,3,46,PM10
Karnataka,Davanagere,"Devaraj Urs Badavane, Davanagere - KSPCB",20-11-2023 12:00:00,14.475800,75.905200,33,65,45,35,78,53,1,6,3,10,16,14,16,26,22,8,12,11,1,1,1,53,PM10
Karnataka,Dharwad,"Kalabhavan, Dharwad - KSPCB",20-11-2023 12:00:00,15.459706,75.008381,12,30,22,18,51,39,3,6,4,32,112,62,14,78,38,7,31,19,3,3,3,62,CO
Karnataka,Gadag,"Panchal Nagar, Gadag - KSPCB",20-11-2023 12:00:00,15.411456,75.638133,16,38,27,21,36,30,2,9,4,46,55,49,21,45,25,7,19,13,1,2,2,49,CO
Karnataka,Hassan,"B.Katihalli, Hassan - KSPCB",20-11-2023 12:00:00,13.008556,76.125258,40,73,53,47,88,64,5,36,16,10,35,14,2,22,12,7,35,16,2,5,3,64,PM10
Karnataka,Haveri,"Ashwini Nagar, Haveri - KSPCB",20-11-2023 12:00:00,14.791800,75.389600,36,98,64,50,111,76,19,19,19,40,41,40,19,20,19,15,35,20,3,6,3,76,PM10
Karnataka,Hubballi,"Deshpande Nagar, Hubballi - KSPCB",20-11-2023 12:00:00,15.351773,75.140726,36,73,54,NA,NA,NA,11,11,11,53,66,59,24,58,33,22,27,25,8,15,12,59,CO
Karnataka,Hubballi,"Lingaraj Nagar, Hubballi - KSPCB",20-11-2023 12:00:00,15.3714823,75.1160168,17,50,28,22,42,32,1,6,1,20,44,33,27,99,44,7,8,8,2,2,2,44,OZONE
Karnataka,Kalaburagi,"Lal Bahadur Shastri Nagar, Kalaburagi - KSPCB",20-11-2023 12:00:00,17.321993,76.822628,,,,4,105,37,18,69,65,30,44,31,6,58,19,11,12,12,1,1,1,65,SO2
Karnataka,Kalaburagi,"Mahatma Basaveswar Colony, Kalaburgi - KSPCB",20-11-2023 12:00:00,17.336318,76.847397,20,48,29,29,71,48,3,11,5,35,54,41,21,66,34,5,16,9,1,5,3,48,PM10
Karnataka,Kolar,"Tamaka Ind. Area, Kolar - KSPCB",20-11-2023 12:00:00,13.1276288,78.1570122,NA,NA,NA,NA,NA,NA,11,13,13,101,106,104,14,47,28,6,50,13,3,6,4,,
Karnataka,Koppal,"Diwator Nagar, Koppal - KSPCB",20-11-2023 12:00:00,15.347630,76.181767,22,36,28,34,63,47,18,37,23,34,78,46,9,42,16,5,22,12,4,9,5,47,PM10
Karnataka,Madikeri,"Stuart Hill, Madikeri - KSPCB",20-11-2023 12:00:00,12.415911,75.735050,12,40,26,18,45,31,4,4,4,3,46,16,23,34,30,7,15,9,NA,NA,NA,31,PM10
Karnataka,Mangalore,"Kadri, Mangalore - KSPCB",20-11-2023 12:00:00,12.889250,74.853000,NA,NA,NA,NA,NA,NA,NA,NA,NA,41,83,52,30,36,33,NA,NA,NA,NA,NA,NA,,
Karnataka,Mysuru,"Hebbal 1st Stage, Mysuru - KSPCB",20-11-2023 12:00:00,12.21041,76.37376,19,37,28,29,52,39,1,4,3,11,44,23,3,78,14,13,30,22,1,8,3,39,PM10
Karnataka,Raichur,"Haji Colony, Raichur - KSPCB",20-11-2023 12:00:00,16.208139,77.348417,9,82,34,NA,NA,NA,52,63,57,57,82,64,3,5,3,12,31,22,1,4,3,64,CO
Karnataka,Ramanagara,"Vijay Nagar, Ramanagara - KSPCB",20-11-2023 12:00:00,12.733409,77.298051,22,75,49,22,52,39,29,40,34,10,30,23,16,80,34,10,38,22,2,3,2,49,PM2.5
Karnataka,Shivamogga,"Vinoba Nagara, Shivamogga - KSPCB",20-11-2023 12:00:00,13.940000,75.555917,27,50,36,55,81,64,2,9,4,6,45,17,14,40,20,16,23,21,2,4,3,64,PM10
Karnataka,Tumakuru,"Thimmalapura, Tumakuru - KSPCB",20-11-2023 12:00:00,13.377516,77.099072,34,99,63,45,129,87,4,10,5,21,34,26,11,49,20,NA,NA,NA,NA,NA,NA,87,PM10
Karnataka,Udupi,"Brahmagiri, Udupi - KSPCB",20-11-2023 12:00:00,13.34194444,74.74694444,,,,65,148,81,8,9,9,18,74,33,73,74,73,,,,,,,81,PM10
Karnataka,Vijayapura,"Ibrahimpur, Vijayapura - KSPCB",20-11-2023 12:00:00,16.802639,75.722694,24,27,25,30,44,42,7,9,8,20,123,28,28,28,28,20,23,22,2,2,2,42,PM10
Karnataka,Yadgir,"Collector Office, Yadgir - KSPCB",20-11-2023 12:00:00,16.7602,77.1428,36,82,53,39,85,54,1,36,20,14,20,17,18,19,19,NA,NA,NA,NA,NA,NA,54,PM10
Kerala,Eloor,"Udyogamandal, Eloor - Kerala PCB",20-11-2023 12:00:00,10.073232,76.302765,56,63,59,68,77,72,6,7,7,60,69,64,20,23,21,9,10,9,NA,NA,NA,72,PM10
Kerala,Kannur,"Thavakkara, Kannur - Kerala PCB",20-11-2023 12:00:00,11.875000,75.373200,37,43,40,52,60,56,NA,NA,NA,9,48,36,14,18,16,6,7,6,1,1,1,56,PM10
Kerala,Kochi,"Vyttila, Kochi - Kerala PCB",20-11-2023 12:00:00,9.969447,76.321186,50,119,68,33,168,94,6,6,6,50,51,50,,,,1,6,2,2,3,2,94,PM10
Kerala,Kollam,"Polayathode, Kollam - Kerala PCB",20-11-2023 12:00:00,8.8787,76.6073,13,133,50,39,101,61,1,66,6,12,65,34,24,28,25,8,9,8,1,1,1,61,PM10
Kerala,Thiruvananthapuram,"Plammoodu, Thiruvananthapuram - Kerala PCB",20-11-2023 12:00:00,8.5149093,76.9435879,13,47,27,21,50,34,6,12,9,8,42,25,8,50,15,13,14,13,2,2,2,34,PM10
Kerala,Thrissur,"Corporation Ground, Thrissur - Kerala PCB",20-11-2023 12:00:00,10.532400,76.215900,47,55,51,53,64,59,1,14,6,14,107,16,35,42,39,9,11,10,1,1,1,59,PM10
Madhya Pradesh,Bhopal,"Idgah Hills, Bhopal - MPPCB",20-11-2023 12:00:00,23.264759,77.381568,190,358,285,103,209,140,8,38,21,33,92,44,44,146,75,14,65,33,4,7,6,285,PM2.5
Madhya Pradesh,Bhopal,"Paryavaran Parisar, Bhopal - MPPCB",20-11-2023 12:00:00,23.210494,77.425409,127,408,287,90,270,158,5,20,11,11,118,27,3,120,26,18,103,57,1,4,3,287,PM2.5
Madhya Pradesh,Bhopal,"T T Nagar, Bhopal - MPPCB",20-11-2023 12:00:00,23.233584,77.400574,156,353,259,116,338,168,18,41,30,26,130,52,1,185,67,26,100,53,2,4,3,259,PM2.5
Madhya Pradesh,Damoh,"Shrivastav Colony, Damoh - MPPCB",20-11-2023 12:00:00,23.81748678,79.446246,16,60,38,40,82,63,,,,22,23,22,,,,6,7,7,,,,63,PM10
Madhya Pradesh,Dewas,"Bhopal Chauraha, Dewas - MPPCB",20-11-2023 12:00:00,22.9682591,76.064118,148,306,211,103,211,132,35,51,43,24,88,34,17,59,37,12,12,12,3,3,3,211,PM2.5
Madhya Pradesh,Gwalior,"City Center, Gwalior - MPPCB",20-11-2023 12:00:00,26.203442,78.193251,55,302,172,136,220,180,25,34,28,30,41,33,37,39,38,3,4,4,1,2,2,180,PM10
Madhya Pradesh,Gwalior,"Deen Dayal Nagar, Gwalior - MPPCB",20-11-2023 12:00:00,26.259242,78.216432,84,227,141,113,189,147,21,26,23,52,107,86,12,202,161,59,114,82,20,28,23,161,OZONE
Madhya Pradesh,Gwalior,"Maharaj Bada, Gwalior - MPPCB",20-11-2023 12:00:00,26.200388,78.147714,80,327,211,132,422,269,8,27,15,16,134,40,13,146,39,22,112,54,1,3,2,269,PM10
Madhya Pradesh,Gwalior,"Phool Bagh, Gwalior - Mondelez Ind. Food",20-11-2023 12:00:00,26.210536,78.171,55,409,234,48,341,149,36,69,44,32,60,33,,,,3,5,4,,,,234,PM2.5
Madhya Pradesh,Indore,"Chhoti Gwaltoli, Indore - MPPCB",20-11-2023 12:00:00,22.4310,75.5213,155,322,242,108,190,137,5,54,23,16,170,65,14,126,87,14,71,35,3,9,7,242,PM2.5
Madhya Pradesh,Jabalpur,"Gupteshwar, Jabalpur - JMC",20-11-2023 12:00:00,23.142888,79.916147,47,260,86,46,137,71,7,33,14,34,117,49,11,87,26,17,104,38,3,6,6,86,PM2.5
Madhya Pradesh,Jabalpur,"Marhatal, Jabalpur - MPPCB",20-11-2023 12:00:00,23.168606,79.932247,78,308,130,76,198,115,6,8,7,36,115,57,16,107,37,27,47,35,2,2,2,130,PM2.5
Madhya Pradesh,Jabalpur,"Suhagi, Jabalpur - JMC",20-11-2023 12:00:00,23.218135,79.957770,50,283,99,52,199,101,7,24,13,2,106,30,6,111,21,9,12,11,3,4,4,101,PM10
Madhya Pradesh,Katni,"Gole Bazar, Katni - MPPCB",20-11-2023 12:00:00,23.50016,80.23284,67,212,112,78,141,105,13,31,19,18,70,32,39,105,57,29,78,47,3,5,5,112,PM2.5
Madhya Pradesh,Maihar,"Sahilara, Maihar - KJS Cements",20-11-2023 12:00:00,24.2613009,80.7231783,32,86,59,47,91,63,12,17,13,21,35,25,,,,14,14,14,,,,63,PM10
Madhya Pradesh,Mandideep,"Sector-D Industrial Area, Mandideep - MPPCB",20-11-2023 12:00:00,23.108440,77.511428,31,178,73,69,277,143,18,112,46,22,103,72,13,50,15,28,89,60,7,9,8,143,PM10
Madhya Pradesh,Pithampur,"Sector-2 Industrial Area, Pithampur - MPPCB",20-11-2023 12:00:00,22.624758,75.675238,122,298,198,109,169,133,16,18,17,4,70,66,31,63,40,10,22,16,2,3,3,198,PM2.5
Madhya Pradesh,Ratlam,"Shasthri Nagar, Ratlam - IPCA Lab",20-11-2023 12:00:00,23.331731,75.045981,96,243,168,120,214,153,11,14,12,,,,,,,14,72,33,,,,168,PM2.5
Madhya Pradesh,Sagar,"Civil Lines, Sagar - MPPCB",20-11-2023 12:00:00,23.838586,78.759431,88,280,171,81,138,111,5,19,10,19,35,27,33,110,53,13,47,26,4,5,4,171,PM2.5
Madhya Pradesh,Sagar,"Deen Dayal Nagar, Sagar - MPPCB",20-11-2023 12:00:00,23.8640158,78.80289321,33,87,59,102,211,157,7,9,9,24,78,54,,,,14,23,22,,,,157,PM10
Madhya Pradesh,Satna,"Bandhavgar Colony, Satna - Birla Cement",20-11-2023 12:00:00,24.58434363,80.8549414,35,53,46,32,32,32,NA,NA,NA,21,50,32,67,101,73,18,19,19,,,,73,OZONE
Madhya Pradesh,Singrauli,"Suryakiran Bhawan NCL, Singrauli - MPPCB",20-11-2023 12:00:00,24.108970,82.645580,39,278,106,84,280,145,42,108,75,57,104,88,17,63,23,17,92,49,2,4,3,145,PM10
Madhya Pradesh,Ujjain,"Mahakaleshwar Temple, Ujjain - MPPCB",20-11-2023 12:00:00,23.182719 ,75.768218 ,131,310,246,115,198,157,11,31,19,34,101,51,50,190,85,6,48,24,6,8,7,246,PM2.5
Maharashtra,Ahmednagar,"Tarakpur, Ahmednagar - MPCB",20-11-2023 12:00:00,19.10122,74.73339,32,112,69,65,163,110,3,53,12,15,104,30,17,138,70,31,129,67,1,7,3,110,PM10
Maharashtra,Akola,"Ramdaspeth, Akola - MPCB",20-11-2023 12:00:00,20.719516,77.000253,26,253,64,54,409,113,14,24,18,26,136,33,2,105,47,11,106,35,5,19,8,113,PM10
Maharashtra,Amravati,"Shivneri Colony, Amravati - MPCB",20-11-2023 12:00:00,20.9402359,77.7895248,63,111,86,81,120,102,15,54,28,16,46,22,14,143,54,12,89,36,1,2,2,102,PM10
Maharashtra,Amravati,"Shri Shivaji Science College, Amaravati - MPCB",20-11-2023 12:00:00,20.939198,77.765701,97,198,137,99,164,122,33,64,44,37,116,42,1,103,54,9,124,40,1,5,2,137,PM2.5
Maharashtra,Aurangabad,"More Chowk Waluj, Aurangabad - MPCB",20-11-2023 12:00:00,19.8389439,75.244448,18,236,134,40,137,90,10,12,10,10,98,20,13,125,77,31,34,32,1,2,1,134,PM2.5
Maharashtra,Aurangabad,"Rachnakar Colony, Aurangabad - MPCB",20-11-2023 12:00:00,19.863756,75.321188,32,326,165,107,187,133,16,30,22,,,,32,77,36,17,134,40,2,2,2,165,PM2.5
Maharashtra,Badlapur,"Katrap, Badlapur - MPCB",20-11-2023 12:00:00,19.16485,73.23409,119,228,180,141,223,168,6,13,9,32,104,45,1,301,6,20,65,40,2,3,3,180,PM2.5
Maharashtra,Belapur,"CBD Belapur, Belapur - MPCB",20-11-2023 12:00:00,19.0243902,73.0406721,50,113,79,80,134,105,7,8,7,26,58,41,2,243,13,15,42,29,8,23,14,105,PM10
Maharashtra,Bhiwandi,"Gokul Nagar, Bhiwandi - MPCB",20-11-2023 12:00:00,19.309073,73.057223,69,274,162,120,333,175,4,24,10,10,67,47,2,106,14,23,100,59,7,15,10,175,PM10
Maharashtra,Boisar,"Khaira, Boisar - MPCB",20-11-2023 12:00:00,19.786089,72.757971,NA,NA,NA,NA,NA,NA,NA,NA,NA,NA,NA,NA,NA,NA,NA,NA,NA,NA,NA,NA,NA,,
Maharashtra,Chandrapur,"Chauhan Colony, Chandrapur - MPCB",20-11-2023 12:00:00,19.962900,79.298714,48,312,108,50,166,83,3,14,7,34,55,40,71,166,112,12,47,18,4,7,5,112,OZONE
Maharashtra,Chandrapur,"MIDC Khutala, Chandrapur - MPCB",20-11-2023 12:00:00,19.9775302,79.2337086,NA,NA,NA,NA,NA,NA,NA,NA,NA,22,78,44,1,1,1,NA,NA,NA,NA,NA,NA,,
Maharashtra,Dhule,"Deopur, Dhule - MPCB",20-11-2023 12:00:00,20.918946,74.776388,95,156,122,106,296,137,2,71,17,18,38,29,8,63,18,8,38,16,1,2,1,137,PM10
Maharashtra,Jalgaon,"Prabhat Colony, Jalgaon - MPCB",20-11-2023 12:00:00,21.001264,75.565602,85,151,117,76,406,127,6,18,10,2,11,7,13,87,56,13,116,45,1,2,1,127,PM10
Maharashtra,Jalna,"Old MIDC, Jalna - MPCB",20-11-2023 12:00:00,19.854616,75.905894,83,144,103,95,155,113,2,3,3,26,36,31,36,58,38,34,48,42,6,8,7,113,PM10
Maharashtra,Kalyan,"Khadakpada, Kalyan - MPCB",20-11-2023 12:00:00,19.25292,73.142019,36,91,55,81,172,107,13,86,32,8,56,11,7,31,10,15,99,37,1,2,1,107,PM10
Maharashtra,Kolhapur,"Shivaji University, Kolhapur - MPCB",20-11-2023 12:00:00,16.6870449,74.2505872,11,179,135,46,178,112,1,9,4,10,101,36,1,135,23,16,115,53,4,9,6,135,PM2.5
Maharashtra,Kolhapur,"Sinchan Bhavan, Kolhapur - MPCB",20-11-2023 12:00:00,16.7143745,74.2426398,97,236,141,113,174,139,1,2,1,40,80,48,2,91,19,15,81,40,7,8,8,141,PM2.5
Maharashtra,Latur,"Sawe Wadi, Latur - MPCB",20-11-2023 12:00:00,18.39963,76.57452,NA,NA,NA,NA,NA,NA,NA,NA,NA,NA,NA,NA,NA,NA,NA,NA,NA,NA,NA,NA,NA,,
Maharashtra,Mahad,"Kamble Tarf Birwadi, Mahad - MPCB",20-11-2023 12:00:00,18.1023399,73.4783687,176,305,232,110,139,125,21,81,39,28,52,32,4,92,7,9,58,25,5,6,5,232,PM2.5
Maharashtra,Malegaon,"Mahesh Nagar, Malegaon - MPCB",20-11-2023 12:00:00,20.555712,74.529236,97,170,134,130,171,153,8,14,10,14,24,18,7,78,15,7,21,11,4,8,6,153,PM10
Maharashtra,Mira-Bhayandar,"Bhayandar West, Mira-Bhayandar - MPCB",20-11-2023 12:00:00,19.296481,72.840923,NA,NA,NA,NA,NA,NA,NA,NA,NA,NA,NA,NA,NA,NA,NA,NA,NA,NA,NA,NA,NA,,
Maharashtra,Mumbai,"Bandra Kurla Complex, Mumbai - IITM",20-11-2023 12:00:00,19.053536,72.84643,97,214,146,102,142,117,1,61,24,42,54,45,7,17,8,31,60,47,3,3,3,146,PM2.5
Maharashtra,Mumbai,"Bandra Kurla Complex, Mumbai - MPCB",20-11-2023 12:00:00,19.065931,72.862131,71,168,107,70,165,107,4,14,6,31,110,57,1,64,11,29,92,61,15,58,25,107,PM10
Maharashtra,Mumbai,"Borivali East, Mumbai - IITM",20-11-2023 12:00:00,19.23241,72.86895,69,196,115,152,161,155,,,,1,22,10,1,3,2,57,123,96,6,9,7,155,PM10
Maharashtra,Mumbai,"Borivali East, Mumbai - MPCB",20-11-2023 12:00:00,19.2243333,72.8658113,24,126,60,36,128,71,4,6,5,,,,14,85,26,5,21,9,1,1,1,71,PM10
Maharashtra,Mumbai,"Byculla, Mumbai - BMC",20-11-2023 12:00:00,18.9767,72.8380,63,179,104,50,254,108,3,21,8,6,92,36,1,97,16,22,102,58,1,41,14,108,PM10
Maharashtra,Mumbai,"Chakala-Andheri East, Mumbai - IITM",20-11-2023 12:00:00,19.11074,72.86084,49,81,66,71,115,96,1,33,14,22,100,43,16,28,24,46,148,87,5,41,14,96,PM10
Maharashtra,Mumbai,"Chembur, Mumbai - MPCB",20-11-2023 12:00:00,19.0364585,72.8954371,NA,NA,NA,NA,NA,NA,6,41,12,34,36,36,2,75,15,30,74,54,2,3,2,,
Maharashtra,Mumbai,"Chhatrapati Shivaji Intl. Airport (T2), Mumbai - MPCB",20-11-2023 12:00:00,19.10078,72.87462,36,68,52,86,141,115,3,3,3,56,110,89,1,18,5,NA,NA,NA,5,10,6,115,PM10
Maharashtra,Mumbai,"Colaba, Mumbai - MPCB",20-11-2023 12:00:00,18.910000,72.820000,44,92,56,56,110,71,12,21,18,35,64,41,8,16,13,53,95,65,2,3,2,71,PM10
Maharashtra,Mumbai,"Deonar, Mumbai - IITM",20-11-2023 12:00:00,19.04946,72.9230,80,234,118,86,156,109,1,19,8,54,92,81,2,154,24,16,30,23,2,3,2,118,PM2.5
Maharashtra,Mumbai,"Ghatkopar, Mumbai - BMC",20-11-2023 12:00:00,19.083694,72.920967,56,192,95,68,109,85,1,7,3,8,40,21,1,42,12,26,38,32,NA,NA,NA,95,PM2.5
Maharashtra,Mumbai,"Kandivali East, Mumbai - MPCB",20-11-2023 12:00:00,19.205800,72.868200,47,140,86,74,167,122,8,17,11,40,103,56,9,74,15,41,103,75,5,9,6,122,PM10
Maharashtra,Mumbai,"Kandivali West, Mumbai - BMC",20-11-2023 12:00:00,19.215859,72.831718,67,135,100,122,176,144,6,13,10,16,85,31,1,64,13,18,81,41,1,3,1,144,PM10
Maharashtra,Mumbai,"Kherwadi_Bandra East, Mumbai - MPCB",20-11-2023 12:00:00,19.0632143,72.8456324,85,224,142,89,144,119,35,68,47,16,107,55,1,60,3,11,71,44,6,9,8,142,PM2.5
Maharashtra,Mumbai,"Khindipada-Bhandup West, Mumbai - IITM",20-11-2023 12:00:00,19.1653323,72.922099,44,199,79,50,155,92,4,12,7,54,71,63,32,41,32,2,5,3,1,4,1,92,PM10
Maharashtra,Mumbai,"Kurla, Mumbai - MPCB",20-11-2023 12:00:00,19.0863,72.8888,55,99,73,80,167,119,32,32,32,21,56,35,34,39,36,15,38,27,3,5,4,119,PM10
Maharashtra,Mumbai,"Malad West, Mumbai - IITM",20-11-2023 12:00:00,19.19709,72.82204,76,215,120,77,142,104,1,10,5,30,54,37,1,38,7,,,,,,,120,PM2.5
Maharashtra,Mumbai,"Mazgaon, Mumbai - IITM",20-11-2023 12:00:00,18.96702,72.84214,76,146,111,96,139,119,5,11,8,28,56,42,3,83,10,36,109,76,5,10,7,119,PM10
Maharashtra,Mumbai,"Mindspace-Malad West, Mumbai - MPCB",20-11-2023 12:00:00,19.1878657,72.8304069,45,90,59,57,120,79,6,20,11,18,50,34,2,67,11,1,78,36,7,9,8,79,PM10
Maharashtra,Mumbai,"Mulund West, Mumbai - MPCB",20-11-2023 12:00:00,19.1750,72.9419,44,212,111,56,127,89,14,14,14,73,99,95,8,8,8,23,26,24,9,10,10,111,PM2.5
Maharashtra,Mumbai,"Navy Nagar-Colaba, Mumbai - IITM",20-11-2023 12:00:00,18.897756,72.813320,52,144,75,51,118,68,8,26,15,8,46,20,2,92,33,16,34,24,12,16,14,75,PM2.5
Maharashtra,Mumbai,"Powai, Mumbai - MPCB",20-11-2023 12:00:00,19.137500,72.915056,34,71,57,49,119,87,63,68,65,30,48,39,23,58,26,20,36,25,1,2,1,87,PM10
Maharashtra,Mumbai,"Shivaji Nagar, Mumbai - BMC",20-11-2023 12:00:00,19.060498,72.923356,92,222,149,106,185,146,3,23,13,10,67,17,6,190,34,35,98,70,3,6,5,149,PM2.5
Maharashtra,Mumbai,"Siddharth Nagar-Worli, Mumbai - IITM",20-11-2023 12:00:00,19.000083,72.813993,48,152,75,41,108,67,,,,94,102,98,12,93,27,32,129,42,4,10,6,98,CO
Maharashtra,Mumbai,"Sion, Mumbai - MPCB",20-11-2023 12:00:00,19.047000,72.874600,45,98,66,69,156,96,23,26,25,17,71,38,10,29,12,87,227,133,1,9,3,133,NO2
Maharashtra,Mumbai,"Vasai West, Mumbai - MPCB",20-11-2023 12:00:00,19.383200,72.820400,56,230,130,76,232,143,18,19,18,50,113,68,11,98,25,26,28,27,4,4,4,143,PM10
Maharashtra,Mumbai,"Vile Parle West, Mumbai - MPCB",20-11-2023 12:00:00,19.10861,72.83622,56,103,74,68,125,96,11,15,13,,,,4,5,4,3,36,17,2,11,7,96,PM10
Maharashtra,Mumbai,"Worli, Mumbai - MPCB",20-11-2023 12:00:00,18.9936162,72.8128113,50,89,63,72,135,92,9,11,10,40,42,40,5,10,6,21,22,21,1,1,1,92,PM10
Maharashtra,Nagpur,"Ambazari, Nagpur - MPCB",20-11-2023 12:00:00,21.121801,79.04952,85,298,156,93,164,114,14,85,29,10,104,21,2,128,50,13,81,32,5,9,7,156,PM2.5
Maharashtra,Nagpur,"Mahal, Nagpur - MPCB",20-11-2023 12:00:00,21.14472,79.107595,29,321,152,98,218,146,17,61,31,28,122,39,9,97,43,12,79,36,4,8,5,152,PM2.5
Maharashtra,Nagpur,"Opp GPO Civil Lines, Nagpur - MPCB",20-11-2023 12:00:00,21.152875,79.0517531,78,272,158,82,150,117,1,59,18,16,109,25,2,95,29,6,128,47,3,6,4,158,PM2.5
Maharashtra,Nagpur,"Ram Nagar, Nagpur - MPCB",20-11-2023 12:00:00,21.143383,79.048912,79,273,125,96,224,128,8,49,19,14,104,24,2,70,29,10,85,27,4,9,7,128,PM10
Maharashtra,Nanded,"Sneh Nagar, Nanded - MPCB",20-11-2023 12:00:00,19.173852,77.296291,NA,NA,NA,NA,NA,NA,NA,NA,NA,38,46,40,38,98,46,NA,NA,NA,NA,NA,NA,,
Maharashtra,Nashik,"Gangapur Road, Nashik - MPCB",20-11-2023 12:00:00,20.0073285,73.7762427,78,203,125,20,156,96,1,19,4,18,18,18,12,76,34,6,10,8,,,,125,PM2.5
Maharashtra,Nashik,"Hirawadi, Nashik - MPCB",20-11-2023 12:00:00,20.021503,73.813844,68,173,111,73,131,103,1,19,4,22,62,28,1,66,3,14,75,26,4,6,5,111,PM2.5
Maharashtra,Nashik,"MIDC Ambad, Nashik - MPCB",20-11-2023 12:00:00,19.950220,73.731480,162,240,204,139,206,170,6,19,11,24,41,29,5,66,23,16,57,31,3,4,4,204,PM2.5
Maharashtra,Nashik,"Pandav Nagari, Nashik - MPCB",20-11-2023 12:00:00,19.9591346,73.7788008,69,114,91,69,160,115,8,32,16,34,82,38,8,92,27,5,87,24,7,8,7,115,PM10
Maharashtra,Navi Mumbai,"Kopripada-Vashi, Navi Mumbai - MPCB",20-11-2023 12:00:00,19.090337,73.014232,37,66,52,34,195,78,11,31,22,23,100,32,1,293,32,29,123,65,6,6,6,78,PM10
Maharashtra,Navi Mumbai,"Mahape, Navi Mumbai - MPCB",20-11-2023 12:00:00,19.1135051,73.008978,32,204,67,56,456,146,26,26,26,50,92,57,8,79,22,37,38,38,3,3,3,146,PM10
Maharashtra,Navi Mumbai,"Nerul, Navi Mumbai - MPCB",20-11-2023 12:00:00,19.008751,73.016620,51,97,71,70,121,95,9,9,9,74,101,88,,,,39,54,45,1,2,1,95,PM10
Maharashtra,Navi Mumbai,"Sanpada, Navi Mumbai - MPCB",20-11-2023 12:00:00,19.0575752,73.0151367,54,85,66,60,99,81,7,87,30,10,52,20,7,187,35,44,44,44,11,21,14,81,PM10
Maharashtra,Navi Mumbai,"Sector-2E Kalamboli, Navi Mumbai - MPCB",20-11-2023 12:00:00,19.02579,73.10297,79,236,102,82,159,113,7,21,13,20,90,30,1,117,5,33,122,75,NA,NA,NA,113,PM10
Maharashtra,Navi Mumbai,"Tondare-Taloja, Navi Mumbai - MPCB",20-11-2023 12:00:00,19.0630,73.1209,115,192,144,64,99,80,52,108,78,18,38,33,1,168,11,46,78,55,3,6,4,144,PM2.5
Maharashtra,Parbhani,"Masoom Colony, Parbhani - MPCB",20-11-2023 12:00:00,19.265594,76.761463,58,95,76,82,141,109,36,60,43,30,99,45,20,79,43,10,44,20,4,4,4,109,PM10
Maharashtra,Pimpri-Chinchwad,"Gavalinagar, Pimpri Chinchwad - MPCB",20-11-2023 12:00:00,18.63673,73.82487,70,134,91,71,111,90,2,13,6,24,66,45,10,167,31,13,34,20,4,5,4,91,PM2.5
Maharashtra,Pimpri-Chinchwad,"Park Street Wakad, Pimpri Chinchwad - MPCB",20-11-2023 12:00:00,18.59051,73.77946,116,221,171,109,145,129,5,13,8,32,67,56,4,176,24,41,99,72,9,15,11,171,PM2.5
Maharashtra,Pimpri-Chinchwad,"Thergaon, Pimpri Chinchwad - MPCB",20-11-2023 12:00:00,18.616318,73.765797,98,177,144,93,121,110,2,9,5,28,66,45,15,199,39,36,129,90,3,14,7,144,PM2.5
Maharashtra,Pune,"Alandi, Pune - IITM",20-11-2023 12:00:00,18.675076,73.892743,84,272,178,82,150,121,,,,34,67,43,1,35,7,16,29,21,,,,178,PM2.5
Maharashtra,Pune,"Bhosari, Pune - IITM",20-11-2023 12:00:00,18.640051,73.848956,43,87,69,59,111,92,,,,40,46,44,5,61,20,16,19,18,,,,92,PM10
Maharashtra,Pune,"Karve Road, Pune - MPCB",20-11-2023 12:00:00,18.5011743,73.8165527,30,51,47,46,77,71,9,14,13,12,20,18,5,9,8,2,2,2,,,,71,PM10
Maharashtra,Pune,"Mhada Colony, Pune - IITM",20-11-2023 12:00:00,18.573040,73.927715,NA,NA,NA,NA,NA,NA,,,,NA,NA,NA,NA,NA,NA,NA,NA,NA,,,,,
Maharashtra,Pune,"Revenue Colony-Shivajinagar, Pune - IITM",20-11-2023 12:00:00,18.530085,73.849598,138,300,223,103,152,128,112,133,126,100,113,106,6,24,8,138,225,191,19,30,26,223,PM2.5
Maharashtra,Pune,"Savitribai Phule Pune University, Pune - MPCB",20-11-2023 12:00:00,18.547056,73.826908,67,204,140,90,173,140,2,4,3,16,80,38,1,175,24,6,24,13,1,4,2,140,PM10
Maharashtra,Sangli,"Vijay Nagar, Sangli - MPCB",20-11-2023 12:00:00, 16.5038,74.3623,6,167,104,94,103,103,2,6,4,18,105,35,76,76,76,10,85,28,1,5,3,104,PM2.5
Maharashtra,Solapur,"Dnyaneshwar Nagar, Solapur - MPCB",20-11-2023 12:00:00,17.6336264,75.9132495,111,327,240,64,401,145,1,3,2,16,38,21,24,69,37,13,92,30,14,53,21,240,PM2.5
Maharashtra,Solapur,"Ratandeep Housing Society, Solapur - MPCB",20-11-2023 12:00:00,17.65439,75.90649,56,80,71,81,111,96,7,12,8,6,89,21,10,64,38,13,103,30,11,15,12,96,PM10
Maharashtra,Solapur,"Solapur, Solapur - MPCB",20-11-2023 12:00:00,17.6599188,75.9063906,29,48,44,67,107,99,39,48,45,,,,34,55,35,49,58,56,,,,99,PM10
Maharashtra,Thane,"Kasarvadavali, Thane - MPCB",20-11-2023 12:00:00,19.26777,72.97182,NA,NA,NA,NA,NA,NA,NA,NA,NA,14,16,16,56,67,56,NA,NA,NA,NA,NA,NA,,
Maharashtra,Thane,"Pimpleshwar Mandir, Thane - MPCB",20-11-2023 12:00:00,19.192056,72.9585188,,,,NA,NA,NA,NA,NA,NA,NA,NA,NA,NA,NA,NA,NA,NA,NA,NA,NA,NA,,
Maharashtra,Thane,"Upvan Fort, Thane - MPCB",20-11-2023 12:00:00,19.222279,72.957979,9,105,73,71,189,149,7,39,17,6,42,22,18,126,39,9,51,26,9,14,11,149,PM10
Maharashtra,Ulhasnagar,"Sidhi Vinayak Nagar, Ulhasnagar - MPCB",20-11-2023 12:00:00,19.235581,73.159121,150,258,199,128,195,149,18,54,30,26,116,32,4,183,23,20,91,47,3,3,3,199,PM2.5
Maharashtra,Virar,"Bolinj, Virar - MPCB",20-11-2023 12:00:00,19.4458210,72.7988231,40,107,79,43,172,92,5,15,9,12,107,49,3,61,22,6,58,21,4,11,5,92,PM10
Manipur,Imphal,"DM College of Science, Imphal - Manipur PCB",20-11-2023 12:00:00,24.8207389,93.9423085,2,33,10,6,62,20,74,77,75,6,6,6,,,,7,8,8,2,2,2,75,SO2
Meghalaya,Shillong,"JN Stadium, Shillong - Meghalaya PCB",20-11-2023 12:00:00,25.5803419,91.8942571,11,217,62,18,203,92,24,27,25,13,88,28,5,22,16,8,43,20,2,4,3,92,PM10
Meghalaya,Shillong,"Lumpyngngad, Shillong - Meghalaya PCB",20-11-2023 12:00:00,25.5586,91.8985,3,32,20,4,25,16,15,21,17,5,18,9,1,1,1,6,6,6,1,1,1,20,PM2.5
Mizoram,Aizawl,"Sikulpuikawn, Aizawl - Mizoram PCB",20-11-2023 12:00:00,23.7176342,92.7192841,NA,NA,NA,NA,NA,NA,1,1,1,8,16,11,1,4,2,NA,NA,NA,NA,NA,NA,,
Nagaland,Kohima,"PWD Juction, Kohima - NPCB",20-11-2023 12:00:00,25.6635413,94.0989878,NA,NA,NA,NA,NA,NA,NA,NA,NA,NA,NA,NA,NA,NA,NA,NA,NA,NA,NA,NA,NA,,
Odisha,Angul,"Hakimapada, Angul - OSPCB",20-11-2023 12:00:00,20.832874,85.104082,52,433,118,79,335,129,11,124,46,16,100,51,4,125,28,NA,NA,NA,NA,NA,NA,129,PM10
Odisha,Balasore,"Kalidaspur, Balasore - OSPCB",20-11-2023 12:00:00,21.51161,86.89088,37,312,102,45,304,115,14,32,20,18,71,32,5,82,32,4,51,13,2,6,4,115,PM10
Odisha,Barbil,"Forest Office, Barbil - OSPCB",20-11-2023 12:00:00,22.1166054,85.3945546,32,467,117,59,460,154,9,70,21,6,134,84,3,120,25,6,32,11,3,8,4,154,PM10
Odisha,Baripada,"Meher Colony, Baripada - OSPCB",20-11-2023 12:00:00,21.941841,86.728318,49,85,68,53,88,71,4,5,4,27,36,30,11,35,14,,,,,,,71,PM10
Odisha,Bhubaneswar,"Lingraj Mandir, Bhubaneswar - OSPCB",20-11-2023 12:00:00,20.240790,85.836784,43,183,95,73,155,103,8,39,16,56,84,68,24,114,53,7,48,21,2,4,3,103,PM10
Odisha,Bhubaneswar,"Patia, Bhubaneswar - OSPCB",20-11-2023 12:00:00,20.34652,85.81630,42,190,78,65,127,90,7,56,14,20,40,24,22,106,47,5,26,15,3,5,4,90,PM10
Odisha,Bileipada,"Tata Township, Bileipada - OSPCB",20-11-2023 12:00:00,22.06156703,85.47409613,67,159,93,117,404,162,25,33,29,13,24,18,10,19,11,4,8,6,11,11,11,162,PM10
Odisha,Brajrajnagar,"GM Office, Brajrajnagar - OSPCB",20-11-2023 12:00:00,21.8004996,83.8396977,8,86,38,10,113,53,33,33,33,22,82,51,1,3,1,NA,NA,NA,NA,NA,NA,53,PM10
Odisha,Byasanagar,"Ferro Chrome Colony, Byasanagar - OSPCB",20-11-2023 12:00:00,20.94185,86.11510,28,127,62,39,114,68,2,11,4,59,102,93,13,97,40,8,25,13,1,2,2,93,CO
Odisha,Cuttack,"CDA Area, Cuttack - OSPCB",20-11-2023 12:00:00,20.48891     ,85.84768     ,48,117,76,62,131,96,4,41,10,28,55,37,12,62,23,11,38,22,2,4,2,96,PM10
Odisha,Keonjhar,"Jagamohanpur, Keonjhar - OSPCB",20-11-2023 12:00:00,21.643900,85.599355,44,88,69,61,115,87,9,11,10,12,78,36,3,16,6,26,71,47,10,15,12,87,PM10
Odisha,Nayagarh,"Dabuna, Nayagarh - OSPCB",20-11-2023 12:00:00,21.847279,85.416905,39,76,59,70,123,95,3,6,4,13,18,16,1,19,4,28,71,45,3,16,7,95,PM10
Odisha,Rairangpur,"Divisional Forest Office, Rairangpur - OSPCB",20-11-2023 12:00:00,22.265816,86.174829,40,128,71,54,103,74,6,13,9,12,48,19,29,116,47,7,8,7,3,3,3,74,PM10
Odisha,Rourkela,"Raghunathpali, Rourkela - OSPCB",20-11-2023 12:00:00,22.220833,84.809444,29,186,80,35,415,98,1,4,2,17,102,41,5,42,13,20,46,26,3,6,5,98,PM10
Odisha,Rourkela,"Sector-2, Rourkela - OSPCB",20-11-2023 12:00:00,22.24500000,84.88111111,NA,NA,NA,,,,,,,17,17,17,,,,NA,NA,NA,,,,,
Odisha,Suakati,"OMC Colony, Suakati - OSPCB",20-11-2023 12:00:00,21.606865,85.510538,48,93,64,58,120,86,1,38,6,18,42,36,,,,40,71,48,1,5,4,86,PM10
Odisha,Talcher,"Talcher Coalfields,Talcher - OSPCB",20-11-2023 12:00:00,20.9360711,85.1707021,26,318,128,29,211,116,19,44,25,4,44,28,1,23,12,53,72,61,6,7,6,128,PM2.5
Odisha,Tensa,"Barsua Iron Ore Mines, Tensa - OSPCB",20-11-2023 12:00:00,21.869985,85.167016,24,65,39,55,108,78,12,19,14,14,31,22,1,23,6,35,93,51,5,8,6,78,PM10
Puducherry,Puducherry,"Jawahar Nagar, Puducherry - PPCC",20-11-2023 12:00:00,11.9309,79.8027,5,48,23,23,43,32,1,7,5,16,27,19,7,39,18,8,26,14,1,2,2,32,PM10
Punjab,Amritsar,"Golden Temple, Amritsar - PPCB",20-11-2023 12:00:00,31.620000,74.876512,172,304,261,123,168,151,10,13,12,16,21,19,48,61,54,37,41,39,2,2,2,261,PM2.5
Punjab,Bathinda,"Hardev Nagar, Bathinda - PPCB",20-11-2023 12:00:00,30.233011,74.907758,160,355,278,121,288,190,2,42,18,6,76,26,,,,30,32,31,,,,278,PM2.5
Punjab,Jalandhar,"Civil Line, Jalandhar - PPCB",20-11-2023 12:00:00,31.321907,75.578914,152,319,226,124,293,144,13,38,20,25,104,55,14,64,24,37,44,41,9,11,10,226,PM2.5
Punjab,Khanna,"Kalal Majra, Khanna - PPCB",20-11-2023 12:00:00,30.736056 ,76.209694,90,225,154,120,406,155,10,49,21,44,51,48,6,76,13,35,38,36,16,17,16,155,PM10
Punjab,Ludhiana,"Punjab Agricultural University, Ludhiana - PPCB",20-11-2023 12:00:00,30.9028,75.8086,70,311,215,98,241,153,7,53,14,62,111,93,6,59,10,28,59,38,5,16,10,215,PM2.5
Punjab,Mandi Gobindgarh,"RIMT University, Mandi Gobindgarh - PPCB",20-11-2023 12:00:00,30.649961,76.331442,92,281,190,90,156,127,5,29,16,18,41,35,39,41,40,38,39,39,5,5,5,190,PM2.5
Punjab,Patiala,"Model Town, Patiala - PPCB",20-11-2023 12:00:00,30.349388,76.366642,89,275,187,103,175,143,1,45,16,18,62,36,33,53,35,36,49,44,7,8,7,187,PM2.5
Punjab,Rupnagar,"Ratanpura, Rupnagar - Ambuja Cements",20-11-2023 12:00:00,31.0325454,76.5623046,91,268,157,71,460,236,3,6,4,41,101,61,,,,,,,,,,236,PM10
Rajasthan,Ajmer,"Civil Lines,  Ajmer - RSPCB",20-11-2023 12:00:00,26.470859,74.646594,89,253,151,97,182,133,14,17,15,16,70,31,6,78,21,18,82,39,15,22,18,151,PM2.5
Rajasthan,Alwar,"Moti Doongri, Alwar - RSPCB",20-11-2023 12:00:00,27.554793,76.611536,84,216,114,79,155,102,10,47,30,32,105,69,8,63,16,48,72,59,7,12,9,114,PM2.5
Rajasthan,Banswara,"Rati Talai, Banswara - RSPCB",20-11-2023 12:00:00,23.555190,74.440010,NA,NA,NA,NA,NA,NA,NA,NA,NA,42,105,56,11,175,97,NA,NA,NA,,,,,
Rajasthan,Baran,"Bamboliya, Baran - RSPCB",20-11-2023 12:00:00,25.106006,76.469948,154,332,241,120,199,151,7,40,13,30,48,40,29,185,48,21,44,32,7,9,8,241,PM2.5
Rajasthan,Barmer,"Railway Colony, Barmer - RSPCB",20-11-2023 12:00:00,25.747299,71.393989,NA,NA,NA,109,227,133,3,15,7,22,112,27,13,180,178,8,119,22,7,11,8,178,OZONE
Rajasthan,Bharatpur,"Krishna Nagar, Bharatpur - RSPCB",20-11-2023 12:00:00,27.215415,77.50873,89,363,224,101,400,178,4,11,7,63,128,107,21,29,22,94,140,117,22,60,30,224,PM2.5
Rajasthan,Bhilwara,"Pratap Nagar, Bhilwara - RSPCB",20-11-2023 12:00:00,25.339605,74.618883,183,342,268,108,222,145,1,19,8,36,104,49,13,142,52,20,126,42,6,13,8,268,PM2.5
Rajasthan,Bhiwadi,"RIICO Ind. Area III, Bhiwadi - RSPCB",20-11-2023 12:00:00,28.194909,76.862296,184,368,299,150,414,283,1,40,21,22,66,41,8,72,19,13,43,19,2,14,11,299,PM2.5
Rajasthan,Bikaner,"MM Ground, Bikaner - RSPCB",20-11-2023 12:00:00,28.018792,73.292658,149,500,336,126,500,306,4,15,8,40,129,85,10,133,41,21,81,41,6,9,8,336,PM2.5
Rajasthan,Bundi,"New Colony, Bundi - RSPCB",20-11-2023 12:00:00,25.435774,75.644272,187,324,257,127,483,199,4,33,8,30,114,39,5,204,87,7,138,30,6,6,6,257,PM2.5
Rajasthan,Chittorgarh,"Shastri Nagar, Chittorgarh - RSPCB",20-11-2023 12:00:00,24.892047,74.623527,91,348,244,108,489,195,2,108,18,52,118,90,6,98,30,23,124,64,4,12,7,244,PM2.5
Rajasthan,Churu,"Subash Chowk, Churu - RSPCB",20-11-2023 12:00:00,28.296139,74.961696,121,382,270,102,352,171,10,23,16,28,88,59,4,201,54,17,97,45,8,13,10,270,PM2.5
Rajasthan,Dausa,"Khatikan Mohalla, Dausa - RSPCB",20-11-2023 12:00:00,26.895552,76.334753,NA,NA,NA,NA,NA,NA,NA,NA,NA,66,90,80,72,170,91,NA,NA,NA,NA,NA,NA,,
Rajasthan,Dholpur,"Raja Ganj, Dholpur - RSPCB",20-11-2023 12:00:00,26.699557,77.898881,NA,NA,NA,NA,NA,NA,NA,NA,NA,40,63,56,126,197,167,NA,NA,NA,NA,NA,NA,,
Rajasthan,Dungarpur,"Bhoiwada, Dungarpur - RSPCB",20-11-2023 12:00:00,23.837789,73.714926,243,362,312,115,191,140,3,10,5,36,70,41,12,54,27,19,33,25,9,10,10,312,PM2.5
Rajasthan,Hanumangarh,"Housing Board, Hanumangarh - RSPCB",20-11-2023 12:00:00,29.610750,74.283608,233,500,394,187,500,389,10,16,12,45,108,83,7,51,13,15,32,22,12,16,13,394,PM2.5
Rajasthan,Jaipur,"Adarsh Nagar, Jaipur - RSPCB",20-11-2023 12:00:00,26.902909,75.836858,142,302,227,107,158,124,14,19,16,32,101,47,13,153,95,25,189,64,4,31,10,227,PM2.5
Rajasthan,Jaipur,"Mansarovar Sector-12, Jaipur - RSPCB",20-11-2023 12:00:00,26.843698,75.766894,98,317,192,109,397,180,3,6,4,33,140,87,4,127,75,13,153,42,7,14,8,192,PM2.5
Rajasthan,Jaipur,"Police Commissionerate, Jaipur - RSPCB",20-11-2023 12:00:00,26.9164092,75.7994901,NA,NA,NA,NA,NA,NA,NA,NA,NA,34,108,54,11,148,88,NA,NA,NA,NA,NA,NA,,
Rajasthan,Jaipur,"RIICO Sitapura, Jaipur - RSPCB",20-11-2023 12:00:00,26.786682,75.827928,87,311,206,84,219,142,8,13,10,28,111,45,77,104,80,14,179,59,8,27,15,206,PM2.5
Rajasthan,Jaipur,"Sector-2 Murlipura, Jaipur - RSPCB",20-11-2023 12:00:00,26.960669,75.771817,91,332,168,107,231,141,11,27,14,27,110,47,15,225,165,2,62,22,1,4,3,168,PM2.5
Rajasthan,Jaipur,"Shastri Nagar, Jaipur - RSPCB",20-11-2023 12:00:00,26.9502929,75.730943,187,324,257,142,246,167,12,22,16,8,130,43,14,197,146,17,178,50,7,44,14,257,PM2.5
Rajasthan,Jaisalmer,"Sadar Bazar, Jaisalmer - RSPCB",20-11-2023 12:00:00,26.912329,70.909168,101,320,210,134,291,184,5,12,8,16,56,40,76,232,105,12,49,25,4,7,5,210,PM2.5
Rajasthan,Jalore,"Mudtra Sili, Jalore - RSPCB",20-11-2023 12:00:00,25.344694,72.626208,150,325,235,118,395,207,6,15,9,40,149,56,18,214,81,16,158,65,6,12,10,235,PM2.5
Rajasthan,Jhalawar,"Rajlaxmi Nagar, Jhalawar - RSPCB",20-11-2023 12:00:00,24.588397,76.172782,158,348,262,113,268,162,4,11,7,32,104,45,6,132,66,11,106,35,6,8,7,262,PM2.5
Rajasthan,Jhunjhunu,"Indra Nagar, Jhunjhunu - RSPCB",20-11-2023 12:00:00,28.108988,75.386577,57,334,204,65,225,149,3,8,6,22,90,71,2,208,151,20,142,76,1,5,3,204,PM2.5
Rajasthan,Jodhpur,"Collectorate, Jodhpur - RSPCB",20-11-2023 12:00:00,26.268249,73.0193853,84,325,240,143,249,181,2,32,18,24,92,70,48,195,75,NA,NA,NA,,,,240,PM2.5
Rajasthan,Jodhpur,"Digari Kalan, Jodhpur - RSPCB",20-11-2023 12:00:00,26.295810,73.082283,100,261,192,160,234,196,6,73,8,24,84,39,8,175,59,12,143,48,4,7,5,196,PM10
Rajasthan,Jodhpur,"Jhalamand, Jodhpur - RSPCB",20-11-2023 12:00:00,26.215415,73.070156,87,301,168,87,326,161,5,17,10,20,74,36,13,224,67,8,111,41,7,13,10,168,PM2.5
Rajasthan,Jodhpur,"Mandor, Jodhpur - RSPCB",20-11-2023 12:00:00,26.358805,73.047444,108,223,164,119,201,143,8,18,11,16,34,31,63,189,94,14,61,22,7,10,8,164,PM2.5
Rajasthan,Jodhpur,"Samrat Ashok Udhyan, Jodhpur - RSPCB",20-11-2023 12:00:00,26.253384,72.976571,NA,NA,NA,NA,NA,NA,NA,NA,NA,53,60,59,62,81,62,NA,NA,NA,NA,NA,NA,,
Rajasthan,Karauli,"Satyawati Vihar, Karauli - RSPCB",20-11-2023 12:00:00,26.506177,77.025989,56,122,88,65,104,87,NA,NA,NA,44,96,54,10,39,20,24,93,43,4,9,7,88,PM2.5
Rajasthan,Kota,"Dhanmandi, Kota - RSPCB",20-11-2023 12:00:00,25.164090,75.858137,224,357,320,147,233,185,2,55,12,38,114,54,2,182,15,24,139,70,3,5,4,320,PM2.5
Rajasthan,Kota,"Nayapura, Kota - RSPCB",20-11-2023 12:00:00,25.196024,75.855668,227,359,303,134,282,163,11,18,15,34,108,60,1,184,37,30,142,73,10,16,12,303,PM2.5
Rajasthan,Kota,"Shrinath Puram, Kota - RSPCB",20-11-2023 12:00:00,25.14389,75.821256,309,423,357,177,281,214,9,52,18,6,86,49,21,128,57,36,231,109,7,10,8,357,PM2.5
Rajasthan,Nagaur,"Karni Colony, Nagaur - RSPCB",20-11-2023 12:00:00,27.213494,73.734444,139,317,213,122,332,179,4,11,7,42,75,51,49,96,63,20,62,31,11,16,13,213,PM2.5
Rajasthan,Pali,"Indira Colony Vistar, Pali - RSPCB",20-11-2023 12:00:00,25.771061, 73.340227,133,316,239,117,131,122,2,13,9,8,96,28,20,61,38,20,31,24,4,7,6,239,PM2.5
Rajasthan,Pratapgarh,"Pragati Nagar, Pratapgarh - RSPCB",20-11-2023 12:00:00,24.041198,74.780702,180,304,252,119,166,134,5,10,7,26,48,31,75,175,90,7,47,33,3,4,3,252,PM2.5
Rajasthan,Rajsamand,"Dhoinda, Rajsamand - RSPCB",20-11-2023 12:00:00,25.036360,73.883502,153,335,265,105,289,148,4,11,6,46,78,56,18,98,47,17,78,33,4,4,4,265,PM2.5
Rajasthan,Sawai Madhopur,"Sahu Nagar, Sawai Madhopur - RSPCB",20-11-2023 12:00:00,26.031443,76.359327,96,278,166,128,237,170,7,17,11,37,94,43,11,195,44,4,30,14,5,5,5,170,PM10
Rajasthan,Sikar,"Radhakishan Pura, Sikar - RSPCB",20-11-2023 12:00:00,27.608912,75.153302,40,377,220,106,481,238,2,10,6,26,124,53,5,205,161,13,112,44,6,18,13,238,PM10
Rajasthan,Sirohi,"Vedhaynath Colony, Sirohi - RSPCB",20-11-2023 12:00:00,24.885261,72.857549,112,291,193,103,245,148,1,8,2,18,57,36,2,193,70,7,109,45,6,14,9,193,PM2.5
Rajasthan,Sri Ganganagar,"Old City, Sri Ganganagar - RSPCB",20-11-2023 12:00:00,29.931624,73.864511,312,487,411,226,500,419,4,10,6,99,125,106,14,87,26,25,102,54,5,18,9,419,PM10
Rajasthan,Tonk,"Shastri Nagar, Tonk - RSPCB",20-11-2023 12:00:00,26.159933,75.780517,253,449,342,141,500,266,5,12,7,12,125,87,2,142,36,19,151,59,1,62,7,342,PM2.5
Rajasthan,Udaipur,"Ashok Nagar, Udaipur - RSPCB",20-11-2023 12:00:00,24.5886166,73.6321397,186,335,266,104,293,187,8,19,14,5,125,43,13,91,35,43,131,79,4,12,6,266,PM2.5
Sikkim,Gangtok,"Zero Point GICI, Gangtok - SSPCB",20-11-2023 12:00:00,27.338530,88.614099,8,20,11,6,28,16,53,65,58,5,16,10,9,45,16,1,7,2,1,1,1,58,SO2
TamilNadu,Ariyalur,"Keelapalur, Ariyalur - TNPCB",20-11-2023 12:00:00,11.06825,79.07033,17,35,25,20,43,31,NA,NA,NA,,,,,,,11,19,16,,,,31,PM10
TamilNadu,Chengalpattu,"Crescent University, Chengalpattu - TNPCB",20-11-2023 12:00:00,12.8777316,80.0834807,NA,NA,NA,NA,NA,NA,NA,NA,NA,NA,NA,NA,NA,NA,NA,,,,,,,,
TamilNadu,Chennai,"Alandur Bus Depot, Chennai - CPCB",20-11-2023 12:00:00,12.9099161,80.1076538,53,116,68,51,90,61,12,15,14,44,46,45,16,37,17,28,76,45,8,9,8,68,PM2.5
TamilNadu,Chennai,"Arumbakkam, Chennai - TNPCB",20-11-2023 12:00:00,13.0664,80.2112 ,16,48,34,18,83,53,2,60,15,,,,,,,11,28,20,2,4,3,53,PM10
TamilNadu,Chennai,"Gandhi Nagar_Ennore, Chennai - TNPCB",20-11-2023 12:00:00,13.218341,80.32027,NA,NA,NA,NA,NA,NA,NA,NA,NA,,,,4,4,4,,,,,,,,
TamilNadu,Chennai,"Kodungaiyur, Chennai - TNPCB",20-11-2023 12:00:00,13.1278,80.2642,7,39,20,18,88,41,5,37,16,10,98,38,5,6,6,9,30,15,4,6,5,41,PM10
TamilNadu,Chennai,"Manali, Chennai - CPCB",20-11-2023 12:00:00,13.164544,80.26285,8,38,29,22,53,35,2,14,6,5,105,24,9,19,12,8,15,13,2,4,3,35,PM10
TamilNadu,Chennai,"Perungudi, Chennai - TNPCB",20-11-2023 12:00:00,12.9533,80.2357,3,65,30,21,78,45,1,6,3,3,46,34,,,,1,6,2,2,3,3,45,PM10
TamilNadu,Chennai,"Royapuram, Chennai - TNPCB",20-11-2023 12:00:00,13.1036,80.2909,11,62,28,18,71,42,1,7,3,18,52,34,9,10,9,11,39,18,1,2,2,42,PM10
TamilNadu,Chennai,"Velachery Res. Area, Chennai - CPCB",20-11-2023 12:00:00,13.0052189,80.2398125,16,41,28,39,56,45,6,42,28,32,57,44,13,16,13,11,84,28,7,12,10,45,PM10
TamilNadu,Coimbatore,"PSG College of Arts and Science, Coimbatore - TNPCB",20-11-2023 12:00:00,11.0328,77.0349,NA,NA,NA,NA,NA,NA,NA,NA,NA,39,68,55,1,5,4,1,7,3,,,,,
TamilNadu,Cuddalore,"Kudikadu, Cuddalore - TNPCB",20-11-2023 12:00:00,11.6829898,79.7532099,19,65,37,23,78,44,15,17,16,6,6,6,,,,70,119,101,25,29,27,101,NO2
TamilNadu,Cuddalore,"Semmandalam, Cuddalore - TNPCB",20-11-2023 12:00:00,11.7637683,79.7499835,8,77,27,6,57,20,,,,,,,1,2,2,2,22,9,,,,27,PM2.5
TamilNadu,Gummidipoondi,"Anthoni Pillai Nagar, Gummidipoondi - TNPCB",20-11-2023 12:00:00,13.4127,80.1081,22,307,121,44,158,110,9,26,15,,,,,,,4,14,8,4,5,5,121,PM2.5
TamilNadu,Hosur,"SIPCOT Phase-1, Hosur - TNPCB",20-11-2023 12:00:00,12.746998,77.813811,32,74,47,36,85,53,5,6,5,6,7,6,4,4,4,7,12,9,1,1,1,53,PM10
TamilNadu,Ooty,"Bombay Castel, Ooty - TNPCB",20-11-2023 12:00:00,11.4068288,76.7138973,NA,NA,NA,NA,NA,NA,NA,NA,NA,18,19,18,4,5,4,NA,NA,NA,NA,NA,NA,,
TamilNadu,Ramanathapuram,"Chalai Bazaar, Ramanathapuram - TNPCB",20-11-2023 12:00:00,9.36399,78.831977,1,36,15,NA,NA,NA,9,11,10,2,10,6,13,14,14,,,,1,1,1,15,PM2.5
TamilNadu,Salem,"Sona College of Technology, Salem - TNPCB",20-11-2023 12:00:00,11.679111,78.125052,31,161,70,25,103,60,80,81,80,31,34,32,3,4,3,7,11,9,1,1,1,80,SO2
TamilNadu,Thoothukudi,"Meelavittan, Thoothukudi - TNPCB",20-11-2023 12:00:00,8.816428 ,78.099039,,,,8,43,20,2,102,12,2,28,10,2,14,5,6,18,12,,,,20,PM10
TamilNadu,Vellore,"Vasanthapuram, Vellore - TNPCB",20-11-2023 12:00:00,12.909494,79.131861,30,86,48,37,80,50,14,15,14,18,20,20,1,2,1,3,11,6,1,1,1,50,PM10
Telangana,Hyderabad,"Bollaram Industrial Area, Hyderabad - TSPCB",20-11-2023 12:00:00,17.540891,78.358528,45,110,74,42,103,72,6,16,9,14,49,26,37,40,39,15,45,27,1,2,2,74,PM2.5
Telangana,Hyderabad,"Central University, Hyderabad - TSPCB",20-11-2023 12:00:00,17.460103,78.334361,25,54,39,51,75,61,1,16,7,30,64,45,3,4,3,4,55,24,1,9,4,61,PM10
Telangana,Hyderabad,"ECIL Kapra, Hyderabad - TSPCB",20-11-2023 12:00:00,17.470431,78.566959,54,55,54,58,69,62,4,16,9,9,43,22,10,85,23,7,9,7,6,9,9,62,PM10
Telangana,Hyderabad,"ICRISAT Patancheru, Hyderabad - TSPCB",20-11-2023 12:00:00,17.518400,78.278777,NA,NA,NA,NA,NA,NA,NA,NA,NA,,,,77,81,77,NA,NA,NA,NA,NA,NA,,
Telangana,Hyderabad,"IDA Pashamylaram, Hyderabad - TSPCB",20-11-2023 12:00:00,17.5316895,78.218939,NA,NA,NA,NA,NA,NA,NA,NA,NA,NA,NA,NA,NA,NA,NA,NA,NA,NA,NA,NA,NA,,
Telangana,Hyderabad,"IITH Kandi, Hyderabad - TSPCB",20-11-2023 12:00:00,17.585705,78.126199,35,55,48,36,70,56,15,17,16,20,30,28,9,33,11,11,12,11,2,2,2,56,PM10
Telangana,Hyderabad,"Kokapet, Hyderabad - TSPCB",20-11-2023 12:00:00,17.393559,78.339194,88,123,99,111,124,117,7,7,7,16,16,16,NA,NA,NA,7,7,7,1,1,1,117,PM10
Telangana,Hyderabad,"Kompally Municipal Office, Hyderabad - TSPCB",20-11-2023 12:00:00,17.544899,78.486949,43,65,51,41,57,46,2,9,4,6,57,20,3,47,21,11,11,11,4,4,4,51,PM2.5
Telangana,Hyderabad,"Nacharam_TSIIC IALA, Hyderabad - TSPCB",20-11-2023 12:00:00,17.429398,78.569354,NA,NA,NA,NA,NA,NA,NA,NA,NA,4,18,18,18,24,18,,,,,,,,
Telangana,Hyderabad,"New Malakpet, Hyderabad - TSPCB",20-11-2023 12:00:00,17.37206,78.50864,23,45,33,54,64,58,8,10,8,14,110,29,4,32,13,20,30,24,3,3,3,58,PM10
Telangana,Hyderabad,"Ramachandrapuram, Hyderabad - TSPCB",20-11-2023 12:00:00,17.528544,78.286195,NA,NA,NA,NA,NA,NA,NA,NA,NA,25,100,50,10,49,36,NA,NA,NA,NA,NA,NA,,
Telangana,Hyderabad,"Sanathnagar, Hyderabad - TSPCB",20-11-2023 12:00:00,17.4559458,78.4332152,63,112,85,,,,5,10,7,34,62,47,12,16,14,25,30,28,,,,85,PM2.5
Telangana,Hyderabad,"Somajiguda, Hyderabad - TSPCB",20-11-2023 12:00:00,17.417094,78.457437,42,82,61,67,85,75,9,15,12,9,32,16,6,34,14,19,29,23,6,8,7,75,PM10
Telangana,Hyderabad,"Zoo Park, Hyderabad - TSPCB",20-11-2023 12:00:00,17.349694,78.451437,42,94,70,58,126,96,1,4,2,36,84,42,15,23,17,25,40,33,1,1,1,96,PM10
Tripura,Agartala,"Bardowali, Agartala - Tripura SPCB",20-11-2023 12:00:00,23.8175497,91.2726974,31,234,104,52,146,103,17,18,17,24,80,37,1,11,1,3,15,9,1,2,2,104,PM2.5
Uttar_Pradesh,Agra,"Manoharpur, Agra - UPPCB",20-11-2023 12:00:00,27.23711,78.01936,43,100,72,61,128,100,25,26,26,16,24,20,,,,2,8,5,2,3,3,100,PM10
Uttar_Pradesh,Agra,"Rohta, Agra - UPPCB",20-11-2023 12:00:00,27.106972,78.000111,38,171,72,34,115,63,1,48,18,2,85,33,13,14,14,7,9,8,1,1,1,72,PM2.5
Uttar_Pradesh,Agra,"Sanjay Palace, Agra - UPPCB",20-11-2023 12:00:00,27.19865833,78.00598056,52,105,76,53,87,67,4,10,7,24,92,58,27,63,38,14,17,15,,,,76,PM2.5
Uttar_Pradesh,Agra,"Sector-3B Avas Vikas Colony, Agra - UPPCB",20-11-2023 12:00:00,27.19412,77.96237,46,152,78,69,148,100,9,13,11,10,32,18,3,10,4,9,24,16,3,5,4,100,PM10
Uttar_Pradesh,Agra,"Shahjahan Garden, Agra - UPPCB",20-11-2023 12:00:00,27.169338,78.03582,41,102,63,46,309,96,11,13,12,10,28,19,1,7,1,9,13,10,5,6,5,96,PM10
Uttar_Pradesh,Agra,"Shastripuram, Agra - UPPCB",20-11-2023 12:00:00,27.19862,77.92066,70,171,104,89,147,114,11,14,12,9,19,15,NA,NA,NA,13,17,14,1,2,1,114,PM10
Uttar_Pradesh,Baghpat,"Sardar Patel Inter College, Baghpat - UPPCB",20-11-2023 12:00:00,28.964949,77.278761,160,389,295,138,407,217,9,53,18,68,107,103,6,50,10,2,6,3,NA,NA,NA,295,PM2.5
Uttar_Pradesh,Bareilly,"Civil Lines, Bareilly - UPPCB",20-11-2023 12:00:00,28.359581,79.414455,65,194,123,67,130,102,33,35,34,33,49,42,1,12,5,24,42,29,NA,NA,NA,123,PM2.5
Uttar_Pradesh,Bareilly,"Rajendra Nagar, Bareilly - UPPCB",20-11-2023 12:00:00,28.38910936,79.42963708,70,162,104,91,146,116,35,37,36,34,65,50,9,17,10,40,81,58,1,1,1,116,PM10
Uttar_Pradesh,Bulandshahr,"Yamunapuram, Bulandshahr - UPPCB",20-11-2023 12:00:00,28.406963,77.849831,87,329,240,119,286,205,12,48,21,44,118,95,1,199,13,18,140,70,12,18,14,240,PM2.5
Uttar_Pradesh,Firozabad,"Nagla Bhau, Firozabad - UPPCB",20-11-2023 12:00:00,27.168897,78.376960,69,235,138,60,124,92,25,27,26,44,70,60,11,15,14,26,26,26,2,2,2,138,PM2.5
Uttar_Pradesh,Firozabad,"Vibhab Nagar, Firozabad - UPPCB",20-11-2023 12:00:00,27.1594,78.3953,98,312,183,88,168,119,16,25,19,24,50,35,26,40,31,46,90,65,1,1,1,183,PM2.5
Uttar_Pradesh,Ghaziabad,"Indirapuram, Ghaziabad - UPPCB",20-11-2023 12:00:00,28.646233,77.358075,131,395,308,149,452,329,9,36,16,6,68,23,18,210,210,96,170,129,8,18,12,329,PM10
Uttar_Pradesh,Ghaziabad,"Loni, Ghaziabad - UPPCB",20-11-2023 12:00:00,28.757294,77.278792,124,385,308,125,419,242,5,32,15,45,127,98,1,81,10,41,131,80,3,15,8,308,PM2.5
Uttar_Pradesh,Ghaziabad,"Sanjay Nagar, Ghaziabad - UPPCB",20-11-2023 12:00:00,28.685382,77.453839,128,404,286,118,355,197,6,37,22,10,124,75,3,154,19,57,296,148,10,15,13,286,PM2.5
Uttar_Pradesh,Ghaziabad,"Vasundhara, Ghaziabad - UPPCB",20-11-2023 12:00:00,28.6603346,77.3572563,134,368,297,115,369,223,1,122,46,5,127,47,14,24,15,15,140,84,1,17,9,297,PM2.5
Uttar_Pradesh,Gorakhpur,"Madan Mohan Malaviya University of Technology, Gorakhpur - UPPCB",20-11-2023 12:00:00,26.730136,83.433859,24,243,119,33,144,98,46,47,47,23,55,50,2,17,4,2,3,2,2,2,2,119,PM2.5
Uttar_Pradesh,Greater Noida,"Knowledge Park - III, Greater Noida - UPPCB",20-11-2023 12:00:00,28.47272,77.482000,109,361,261,108,278,187,6,20,11,2,122,75,14,152,26,11,86,45,5,10,7,261,PM2.5
Uttar_Pradesh,Greater Noida,"Knowledge Park - V, Greater Noida - UPPCB",20-11-2023 12:00:00,28.557054,77.453663,105,499,328,102,473,327,4,15,10,NA,NA,NA,4,143,20,68,116,87,2,5,4,328,PM2.5
Uttar_Pradesh,Hapur,"Anand Vihar, Hapur - UPPCB",20-11-2023 12:00:00,28.725645,77.749675,87,336,241,103,282,184,12,61,33,20,97,58,25,140,36,37,125,82,4,9,6,241,PM2.5
Uttar_Pradesh,Jhansi,"Shivaji Nagar, Jhansi - UPPCB",20-11-2023 12:00:00,25.4547,78.6039,103,321,227,133,313,205,10,44,17,23,108,36,6,48,19,12,87,32,6,6,6,227,PM2.5
Uttar_Pradesh,Kanpur,"FTI Kidwai Nagar, Kanpur - UPPCB",20-11-2023 12:00:00,26.428282,80.327067,75,224,106,114,207,143,15,15,15,40,74,47,3,8,6,21,46,31,2,3,2,143,PM10
Uttar_Pradesh,Kanpur,"NSI Kalyanpur, Kanpur - UPPCB",20-11-2023 12:00:00,26.509954,80.249612,86,183,132,119,148,137,19,20,20,39,54,48,29,39,31,18,23,21,2,3,3,137,PM10
Uttar_Pradesh,Kanpur,"Nehru Nagar, Kanpur - UPPCB",20-11-2023 12:00:00,26.4703136,80.3229863,78,245,129,80,159,109,3,25,10,17,110,45,2,157,29,13,104,40,,,,129,PM2.5
Uttar_Pradesh,Khurja,"Kalindi Kunj, Khurja - UPPCB",20-11-2023 12:00:00,28.2348927,77.8683002,32,272,110,31,152,89,28,41,34,20,64,60,17,25,24,35,99,59,1,3,2,110,PM2.5
Uttar_Pradesh,Lucknow,"B R Ambedkar University, Lucknow - UPPCB",20-11-2023 12:00:00,26.766433,80.927299,79,341,182,107,210,137,21,23,22,10,79,23,3,64,31,14,41,20,5,6,6,182,PM2.5
Uttar_Pradesh,Lucknow,"Gomti Nagar, Lucknow - UPPCB",20-11-2023 12:00:00,26.868120,81.005119,88,302,146,114,205,144,6,7,7,26,30,27,11,109,59,21,21,21,,,,146,PM2.5
Uttar_Pradesh,Lucknow,"Kendriya Vidyalaya, Lucknow - CPCB",20-11-2023 12:00:00,26.906111,80.948222,125,378,241,108,230,143,6,14,10,34,122,55,1,64,19,4,27,15,3,18,12,241,PM2.5
Uttar_Pradesh,Lucknow,"Kukrail Picnic Spot-1, Lucknow - UPPCB",20-11-2023 12:00:00,26.90723,80.98579,136,346,202,103,182,121,21,22,22,23,57,33,74,87,78,12,22,16,2,2,2,202,PM2.5
Uttar_Pradesh,Lucknow,"Lalbagh, Lucknow - CPCB",20-11-2023 12:00:00,26.8458805,80.9365541,156,362,250,132,259,167,2,65,10,14,129,101,2,68,20,13,122,45,15,25,17,250,PM2.5
Uttar_Pradesh,Lucknow,"Talkatora District Industries Center, Lucknow - CPCB",20-11-2023 12:00:00,26.83399722,80.8917361,51,348,179,88,428,189,2,19,10,10,98,49,2,80,12,28,54,38,15,35,20,189,PM10
Uttar_Pradesh,Meerut,"Ganga Nagar, Meerut - UPPCB",20-11-2023 12:00:00,28.999264,77.7590354,147,443,331,133,441,290,10,25,18,26,110,52,6,19,8,23,116,65,5,11,8,331,PM2.5
Uttar_Pradesh,Meerut,"Jai Bhim Nagar, Meerut - UPPCB",20-11-2023 12:00:00,28.9535882,77.7622941,NA,NA,NA,NA,NA,NA,,,,NA,NA,NA,NA,NA,NA,NA,NA,NA,NA,NA,NA,,
Uttar_Pradesh,Meerut,"Pallavpuram Phase 2, Meerut - UPPCB",20-11-2023 12:00:00,29.063510,77.709723,192,397,327,139,421,262,4,10,6,36,100,56,1,8,4,,,,,,,327,PM2.5
Uttar_Pradesh,Moradabad,"Buddhi Vihar, Moradabad - UPPCB",20-11-2023 12:00:00,28.83526,78.74460,64,326,200,92,247,150,13,21,16,38,54,50,13,26,14,23,24,23,7,11,9,200,PM2.5
Uttar_Pradesh,Moradabad,"Eco Herbal Park, Moradabad - UPPCB",20-11-2023 12:00:00,28.840739,78.697531,65,260,145,68,142,101,6,22,11,,,,7,130,23,11,54,29,4,8,7,145,PM2.5
Uttar_Pradesh,Moradabad,"Employment Office, Moradabad - UPPCB",20-11-2023 12:00:00,28.88528,78.73880,82,285,182,110,195,151,20,38,21,48,78,68,14,67,21,12,12,12,3,3,3,182,PM2.5
Uttar_Pradesh,Moradabad,"Jigar Colony, Moradabad - UPPCB",20-11-2023 12:00:00,28.856664,78.772638,59,249,147,104,208,156,100,116,107,54,90,70,8,13,9,21,41,30,5,5,5,156,PM10
Uttar_Pradesh,Moradabad,"Kashiram Nagar, Moradabad - UPPCB",20-11-2023 12:00:00,28.849399,78.742362,60,343,209,103,343,176,28,32,31,37,56,48,12,20,13,20,33,26,4,4,4,209,PM2.5
Uttar_Pradesh,Moradabad,"Transport Nagar, Moradabad - UPPCB",20-11-2023 12:00:00,28.802625,78.753728,65,276,159,88,149,121,37,39,38,40,42,42,14,25,15,21,47,39,6,6,6,159,PM2.5
Uttar_Pradesh,Muzaffarnagar,"New Mandi, Muzaffarnagar - UPPCB",20-11-2023 12:00:00,29.4723508,77.7194031,111,425,214,124,411,161,NA,NA,NA,4,101,16,6,91,12,24,76,48,5,8,7,214,PM2.5
Uttar_Pradesh,Noida,"Sector - 125, Noida - UPPCB",20-11-2023 12:00:00,28.5447608,77.3231257,123,418,306,116,462,293,19,125,49,18,136,129,11,154,154,61,260,157,7,12,9,306,PM2.5
Uttar_Pradesh,Noida,"Sector - 62, Noida - IMD",20-11-2023 12:00:00,28.6245479,77.3577104,167,398,303,129,405,246,,,,90,110,107,21,220,220,19,74,44,,,,303,PM2.5
Uttar_Pradesh,Noida,"Sector-1, Noida - UPPCB",20-11-2023 12:00:00,28.5898,77.3101,107,377,284,103,318,197,14,92,26,1,120,104,4,214,63,28,233,140,10,15,13,284,PM2.5
Uttar_Pradesh,Noida,"Sector-116, Noida - UPPCB",20-11-2023 12:00:00,28.569230,77.393848,194,495,362,128,479,335,19,40,23,18,130,95,7,83,15,15,174,79,8,13,10,362,PM2.5
Uttar_Pradesh,Prayagraj,"Jhunsi, Prayagraj - UPPCB",20-11-2023 12:00:00,25.425602,81.917152,100,249,170,116,229,159,30,31,30,30,74,38,1,26,3,6,6,6,12,20,15,170,PM2.5
Uttar_Pradesh,Prayagraj,"Motilal Nehru NIT, Prayagraj - UPPCB",20-11-2023 12:00:00,25.494,81.863,96,307,232,86,158,123,15,21,18,48,74,61,9,27,12,12,12,12,6,7,7,232,PM2.5
Uttar_Pradesh,Prayagraj,"Nagar Nigam, Prayagraj - UPPCB",20-11-2023 12:00:00,25.44919916 ,81.82735986 ,88,208,150,103,157,133,31,64,47,24,99,35,2,11,6,14,14,14,6,13,9,150,PM2.5
Uttar_Pradesh,Varanasi,"Ardhali Bazar, Varanasi - UPPCB",20-11-2023 12:00:00,25.3505986,82.9083074,37,95,70,39,107,81,12,26,17,,,,15,32,23,19,40,27,,,,81,PM10
Uttar_Pradesh,Varanasi,"Bhelupur, Varanasi - UPPCB",20-11-2023 12:00:00,25.301778,82.996789,24,72,55,36,106,76,17,18,18,33,113,69,1,7,1,11,11,11,2,2,2,76,PM10
Uttar_Pradesh,Varanasi,"IESD Banaras Hindu University, Varanasi - UPPCB",20-11-2023 12:00:00,25.262326,82.995408,18,55,35,27,87,53,13,14,13,26,48,41,4,6,4,2,3,2,1,4,2,53,PM10
Uttar_Pradesh,Varanasi,"Maldahiya, Varanasi - UPPCB",20-11-2023 12:00:00,25.32393,82.99687,31,102,68,35,110,75,28,36,31,34,114,67,4,8,4,1,2,2,1,1,1,75,PM10
Uttar_Pradesh,Vrindavan,"Omex Eternity, Vrindavan - UPPCB",20-11-2023 12:00:00,27.5714090,77.6557570,61,211,116,75,159,117,32,34,32,54,95,81,24,25,25,2,3,3,2,4,2,117,PM10
Uttarakhand,Dehradun,"Doon University, Dehradun - UKPCB",20-11-2023 12:00:00,30.269444,78.044167,29,191,93,37,126,78,1,1,1,12,54,27,1,9,1,1,7,3,,,,93,PM2.5
Uttarakhand,Kashipur,"Govt. Girls Inter College, Kashipur - UKPCB",20-11-2023 12:00:00,29.2124114,78.9611753,14,83,45,45,140,93,7,9,8,20,82,26,1,38,5,16,101,38,4,7,5,93,PM10
Uttarakhand,Rishikesh,"Shivaji Nagar, Rishikesh - UKPCB",20-11-2023 12:00:00,30.075911,78.2859547,8,42,19,31,57,41,6,7,6,16,32,21,5,45,8,4,7,6,4,5,4,41,PM10
West_Bengal,Asansol,"Asansol Court Area, Asansol - WBPCB",20-11-2023 12:00:00,23.685297,86.945968,26,114,64,33,127,82,8,15,11,NA,NA,NA,7,58,22,22,59,40,9,12,11,82,PM10
West_Bengal,Durgapur,"Sidhu Kanhu Indoor Stadium, Durgapur - WBPCB",20-11-2023 12:00:00,23.5404352,87.2892225,15,101,48,24,131,64,25,37,33,7,48,35,2,26,7,21,33,26,4,6,5,64,PM10
West_Bengal,Haldia,"Priyambada Housing Estate, Haldia - WBPCB",20-11-2023 12:00:00,22.06047,88.109737,32,74,48,48,123,83,8,20,12,26,71,36,21,64,29,16,49,26,3,5,4,83,PM10
West_Bengal,Howrah,"Belur Math, Howrah - WBPCB",20-11-2023 12:00:00,22.629801,88.352017,29,98,64,46,124,89,13,17,17,6,42,15,11,62,22,7,16,11,2,2,2,89,PM10
West_Bengal,Howrah,"Ghusuri, Howrah - WBPCB",20-11-2023 12:00:00,22.611968,88.347422,55,257,148,69,158,113,7,8,7,5,88,33,5,15,6,24,101,44,5,14,8,148,PM2.5
West_Bengal,Howrah,"Padmapukur, Howrah - WBPCB",20-11-2023 12:00:00,22.5687319,88.2797276,31,95,63,53,114,88,8,35,12,24,90,49,6,47,15,22,47,36,6,10,8,88,PM10
West_Bengal,Kolkata,"Ballygunge, Kolkata - WBPCB",20-11-2023 12:00:00,22.5367507,88.3638022,29,188,84,51,139,84,4,10,6,6,102,18,8,78,29,17,106,54,5,8,6,84,PM10
West_Bengal,Kolkata,"Bidhannagar, Kolkata - WBPCB",20-11-2023 12:00:00,22.58157048,88.41002457,19,90,48,50,118,71,8,16,13,11,60,22,10,48,20,12,51,24,6,14,7,71,PM10
West_Bengal,Kolkata,"Fort William, Kolkata - WBPCB",20-11-2023 12:00:00,22.556640,88.342674,42,237,123,46,128,93,6,29,10,10,70,29,8,85,23,11,90,50,11,15,13,123,PM2.5
West_Bengal,Kolkata,"Jadavpur, Kolkata - WBPCB",20-11-2023 12:00:00,22.49929,88.36917,33,99,62,49,124,85,4,7,5,8,82,44,11,43,16,9,42,20,6,36,21,85,PM10
West_Bengal,Kolkata,"Rabindra Bharati University, Kolkata - WBPCB",20-11-2023 12:00:00,22.627847,88.380669,26,95,48,49,124,77,2,17,12,18,90,28,10,74,32,23,25,24,7,10,8,77,PM10
West_Bengal,Kolkata,"Rabindra Sarobar, Kolkata - WBPCB",20-11-2023 12:00:00,22.51106,88.35142,22,129,64,28,94,57,7,10,9,20,100,33,4,75,24,6,73,32,6,13,8,64,PM2.5
West_Bengal,Kolkata,"Victoria, Kolkata - WBPCB",20-11-2023 12:00:00,22.5448082,88.3403691,41,179,102,25,494,170,5,9,6,26,73,46,5,89,18,2,19,9,1,2,1,170,PM10
West_Bengal,Siliguri,"Ward-32 Bapupara, Siliguri - WBPCB",20-11-2023 12:00:00,26.6879226,88.4152495,31,237,75,27,218,109,9,12,11,13,92,43,7,72,19,21,66,41,8,12,10,109,PM10
